2026-06-02 22:51:20 - INFO - Pipeline started
2026-06-02 22:51:20,773 - INFO - Pipeline started
2026-06-02 22:51:20 - INFO - Scraping started
2026-06-02 22:51:20,774 - INFO - Scraping started
2026-06-02 22:51:25 - INFO - Requesting URL: https://books.toscrape.com/catalogue/page-1.html | Status Code: 200
2026-06-02 22:51:25,754 - INFO - Requesting URL: https://books.toscrape.com/catalogue/page-1.html | Status Code: 200
2026-06-02 22:51:25 - INFO - Scraped: A Light in the Attic
2026-06-02 22:51:25,816 - INFO - Scraped: A Light in the Attic
2026-06-02 22:51:25 - INFO - Scraped: Tipping the Velvet
2026-06-02 22:51:25,817 - INFO - Scraped: Tipping the Velvet
2026-06-02 22:51:25 - INFO - Scraped: Soumission
2026-06-02 22:51:25,818 - INFO - Scraped: Soumission
2026-06-02 22:51:25 - INFO - Scraped: Sharp Objects
2026-06-02 22:51:25,819 - INFO - Scraped: Sharp Objects
2026-06-02 22:51:25 - INFO - Scraped: Sapiens: A Brief History of Humankind
2026-06-02 22:51:25,821 - INFO - Scraped: Sapiens: A Brief History of Humankind
2026-06-02 22:51:25 - INFO - Scraped: The Requiem Red
2026-06-02 22:51:25,822 - INFO - Scraped: The Requiem Red
2026-06-02 22:51:25 - INFO - Scraped: The Dirty Little Secrets of Getting Your Dream Job
2026-06-02 22:51:25,823 - INFO - Scraped: The Dirty Little Secrets of Getting Your Dream Job
2026-06-02 22:51:25 - INFO - Scraped: The Coming Woman: A Novel Based on the Life of the Infamous Feminist, Victoria Woodhull
2026-06-02 22:51:25,825 - INFO - Scraped: The Coming Woman: A Novel Based on the Life of the Infamous Feminist, Victoria Woodhull
2026-06-02 22:51:25 - INFO - Scraped: The Boys in the Boat: Nine Americans and Their Epic Quest for Gold at the 1936 Berlin Olympics
2026-06-02 22:51:25,826 - INFO - Scraped: The Boys in the Boat: Nine Americans and Their Epic Quest for Gold at the 1936 Berlin Olympics
2026-06-02 22:51:25 - INFO - Scraped: The Black Maria
2026-06-02 22:51:25,827 - INFO - Scraped: The Black Maria
2026-06-02 22:51:25 - INFO - Scraped: Starving Hearts (Triangular Trade Trilogy, #1)
2026-06-02 22:51:25,828 - INFO - Scraped: Starving Hearts (Triangular Trade Trilogy, #1)
2026-06-02 22:51:25 - INFO - Scraped: Shakespeare's Sonnets
2026-06-02 22:51:25,830 - INFO - Scraped: Shakespeare's Sonnets
2026-06-02 22:51:25 - INFO - Scraped: Set Me Free
2026-06-02 22:51:25,831 - INFO - Scraped: Set Me Free
2026-06-02 22:51:25 - INFO - Scraped: Scott Pilgrim's Precious Little Life (Scott Pilgrim #1)
2026-06-02 22:51:25,832 - INFO - Scraped: Scott Pilgrim's Precious Little Life (Scott Pilgrim #1)
2026-06-02 22:51:25 - INFO - Scraped: Rip it Up and Start Again
2026-06-02 22:51:25,834 - INFO - Scraped: Rip it Up and Start Again
2026-06-02 22:51:25 - INFO - Scraped: Our Band Could Be Your Life: Scenes from the American Indie Underground, 1981-1991
2026-06-02 22:51:25,837 - INFO - Scraped: Our Band Could Be Your Life: Scenes from the American Indie Underground, 1981-1991
2026-06-02 22:51:25 - INFO - Scraped: Olio
2026-06-02 22:51:25,839 - INFO - Scraped: Olio
2026-06-02 22:51:25 - INFO - Scraped: Mesaerion: The Best Science Fiction Stories 1800-1849
2026-06-02 22:51:25,841 - INFO - Scraped: Mesaerion: The Best Science Fiction Stories 1800-1849
2026-06-02 22:51:25 - INFO - Scraped: Libertarianism for Beginners
2026-06-02 22:51:25,842 - INFO - Scraped: Libertarianism for Beginners
2026-06-02 22:51:25 - INFO - Scraped: It's Only the Himalayas
2026-06-02 22:51:25,843 - INFO - Scraped: It's Only the Himalayas
2026-06-02 22:51:30 - INFO - Requesting URL: https://books.toscrape.com/catalogue/page-2.html | Status Code: 200
2026-06-02 22:51:30,229 - INFO - Requesting URL: https://books.toscrape.com/catalogue/page-2.html | Status Code: 200
2026-06-02 22:51:30 - INFO - Scraped: In Her Wake
2026-06-02 22:51:30,287 - INFO - Scraped: In Her Wake
2026-06-02 22:51:30 - INFO - Scraped: How Music Works
2026-06-02 22:51:30,288 - INFO - Scraped: How Music Works
2026-06-02 22:51:30 - INFO - Scraped: Foolproof Preserving: A Guide to Small Batch Jams, Jellies, Pickles, Condiments, and More: A Foolproof Guide to Making Small Batch Jams, Jellies, Pickles, Condiments, and More
2026-06-02 22:51:30,289 - INFO - Scraped: Foolproof Preserving: A Guide to Small Batch Jams, Jellies, Pickles, Condiments, and More: A Foolproof Guide to Making Small Batch Jams, Jellies, Pickles, Condiments, and More
2026-06-02 22:51:30 - INFO - Scraped: Chase Me (Paris Nights #2)
2026-06-02 22:51:30,291 - INFO - Scraped: Chase Me (Paris Nights #2)
2026-06-02 22:51:30 - INFO - Scraped: Black Dust
2026-06-02 22:51:30,292 - INFO - Scraped: Black Dust
2026-06-02 22:51:30 - INFO - Scraped: Birdsong: A Story in Pictures
2026-06-02 22:51:30,293 - INFO - Scraped: Birdsong: A Story in Pictures
2026-06-02 22:51:30 - INFO - Scraped: America's Cradle of Quarterbacks: Western Pennsylvania's Football Factory from Johnny Unitas to Joe Montana
2026-06-02 22:51:30,295 - INFO - Scraped: America's Cradle of Quarterbacks: Western Pennsylvania's Football Factory from Johnny Unitas to Joe Montana
2026-06-02 22:51:30 - INFO - Scraped: Aladdin and His Wonderful Lamp
2026-06-02 22:51:30,296 - INFO - Scraped: Aladdin and His Wonderful Lamp
2026-06-02 22:51:30 - INFO - Scraped: Worlds Elsewhere: Journeys Around Shakespeare’s Globe
2026-06-02 22:51:30,297 - INFO - Scraped: Worlds Elsewhere: Journeys Around Shakespeare’s Globe
2026-06-02 22:51:30 - INFO - Scraped: Wall and Piece
2026-06-02 22:51:30,297 - INFO - Scraped: Wall and Piece
2026-06-02 22:51:30 - INFO - Scraped: The Four Agreements: A Practical Guide to Personal Freedom
2026-06-02 22:51:30,298 - INFO - Scraped: The Four Agreements: A Practical Guide to Personal Freedom
2026-06-02 22:51:30 - INFO - Scraped: The Five Love Languages: How to Express Heartfelt Commitment to Your Mate
2026-06-02 22:51:30,299 - INFO - Scraped: The Five Love Languages: How to Express Heartfelt Commitment to Your Mate
2026-06-02 22:51:30 - INFO - Scraped: The Elephant Tree
2026-06-02 22:51:30,301 - INFO - Scraped: The Elephant Tree
2026-06-02 22:51:30 - INFO - Scraped: The Bear and the Piano
2026-06-02 22:51:30,302 - INFO - Scraped: The Bear and the Piano
2026-06-02 22:51:30 - INFO - Scraped: Sophie's World
2026-06-02 22:51:30,304 - INFO - Scraped: Sophie's World
2026-06-02 22:51:30 - INFO - Scraped: Penny Maybe
2026-06-02 22:51:30,305 - INFO - Scraped: Penny Maybe
2026-06-02 22:51:30 - INFO - Scraped: Maude (1883-1993):She Grew Up with the country
2026-06-02 22:51:30,306 - INFO - Scraped: Maude (1883-1993):She Grew Up with the country
2026-06-02 22:51:30 - INFO - Scraped: In a Dark, Dark Wood
2026-06-02 22:51:30,308 - INFO - Scraped: In a Dark, Dark Wood
2026-06-02 22:51:30 - INFO - Scraped: Behind Closed Doors
2026-06-02 22:51:30,311 - INFO - Scraped: Behind Closed Doors
2026-06-02 22:51:30 - INFO - Scraped: You can't bury them all: Poems
2026-06-02 22:51:30,312 - INFO - Scraped: You can't bury them all: Poems
2026-06-02 22:51:36 - INFO - Requesting URL: https://books.toscrape.com/catalogue/page-3.html | Status Code: 200
2026-06-02 22:51:36,106 - INFO - Requesting URL: https://books.toscrape.com/catalogue/page-3.html | Status Code: 200
2026-06-02 22:51:36 - INFO - Scraped: Slow States of Collapse: Poems
2026-06-02 22:51:36,164 - INFO - Scraped: Slow States of Collapse: Poems
2026-06-02 22:51:36 - INFO - Scraped: Reasons to Stay Alive
2026-06-02 22:51:36,165 - INFO - Scraped: Reasons to Stay Alive
2026-06-02 22:51:36 - INFO - Scraped: Private Paris (Private #10)
2026-06-02 22:51:36,166 - INFO - Scraped: Private Paris (Private #10)
2026-06-02 22:51:36 - INFO - Scraped: #HigherSelfie: Wake Up Your Life. Free Your Soul. Find Your Tribe.
2026-06-02 22:51:36,167 - INFO - Scraped: #HigherSelfie: Wake Up Your Life. Free Your Soul. Find Your Tribe.
2026-06-02 22:51:36 - INFO - Scraped: Without Borders (Wanderlove #1)
2026-06-02 22:51:36,168 - INFO - Scraped: Without Borders (Wanderlove #1)
2026-06-02 22:51:36 - INFO - Scraped: When We Collided
2026-06-02 22:51:36,169 - INFO - Scraped: When We Collided
2026-06-02 22:51:36 - INFO - Scraped: We Love You, Charlie Freeman
2026-06-02 22:51:36,170 - INFO - Scraped: We Love You, Charlie Freeman
2026-06-02 22:51:36 - INFO - Scraped: Untitled Collection: Sabbath Poems 2014
2026-06-02 22:51:36,172 - INFO - Scraped: Untitled Collection: Sabbath Poems 2014
2026-06-02 22:51:36 - INFO - Scraped: Unseen City: The Majesty of Pigeons, the Discreet Charm of Snails & Other Wonders of the Urban Wilderness
2026-06-02 22:51:36,173 - INFO - Scraped: Unseen City: The Majesty of Pigeons, the Discreet Charm of Snails & Other Wonders of the Urban Wilderness
2026-06-02 22:51:36 - INFO - Scraped: Unicorn Tracks
2026-06-02 22:51:36,174 - INFO - Scraped: Unicorn Tracks
2026-06-02 22:51:36 - INFO - Scraped: Unbound: How Eight Technologies Made Us Human, Transformed Society, and Brought Our World to the Brink
2026-06-02 22:51:36,175 - INFO - Scraped: Unbound: How Eight Technologies Made Us Human, Transformed Society, and Brought Our World to the Brink
2026-06-02 22:51:36 - INFO - Scraped: Tsubasa: WoRLD CHRoNiCLE 2 (Tsubasa WoRLD CHRoNiCLE #2)
2026-06-02 22:51:36,176 - INFO - Scraped: Tsubasa: WoRLD CHRoNiCLE 2 (Tsubasa WoRLD CHRoNiCLE #2)
2026-06-02 22:51:36 - INFO - Scraped: Throwing Rocks at the Google Bus: How Growth Became the Enemy of Prosperity
2026-06-02 22:51:36,178 - INFO - Scraped: Throwing Rocks at the Google Bus: How Growth Became the Enemy of Prosperity
2026-06-02 22:51:36 - INFO - Scraped: This One Summer
2026-06-02 22:51:36,179 - INFO - Scraped: This One Summer
2026-06-02 22:51:36 - INFO - Scraped: Thirst
2026-06-02 22:51:36,180 - INFO - Scraped: Thirst
2026-06-02 22:51:36 - INFO - Scraped: The Torch Is Passed: A Harding Family Story
2026-06-02 22:51:36,182 - INFO - Scraped: The Torch Is Passed: A Harding Family Story
2026-06-02 22:51:36 - INFO - Scraped: The Secret of Dreadwillow Carse
2026-06-02 22:51:36,184 - INFO - Scraped: The Secret of Dreadwillow Carse
2026-06-02 22:51:36 - INFO - Scraped: The Pioneer Woman Cooks: Dinnertime: Comfort Classics, Freezer Food, 16-Minute Meals, and Other Delicious Ways to Solve Supper!
2026-06-02 22:51:36,185 - INFO - Scraped: The Pioneer Woman Cooks: Dinnertime: Comfort Classics, Freezer Food, 16-Minute Meals, and Other Delicious Ways to Solve Supper!
2026-06-02 22:51:36 - INFO - Scraped: The Past Never Ends
2026-06-02 22:51:36,187 - INFO - Scraped: The Past Never Ends
2026-06-02 22:51:36 - INFO - Scraped: The Natural History of Us (The Fine Art of Pretending #2)
2026-06-02 22:51:36,188 - INFO - Scraped: The Natural History of Us (The Fine Art of Pretending #2)
2026-06-02 22:51:40 - INFO - Requesting URL: https://books.toscrape.com/catalogue/page-4.html | Status Code: 200
2026-06-02 22:51:40,674 - INFO - Requesting URL: https://books.toscrape.com/catalogue/page-4.html | Status Code: 200
2026-06-02 22:51:40 - INFO - Scraped: The Nameless City (The Nameless City #1)
2026-06-02 22:51:40,731 - INFO - Scraped: The Nameless City (The Nameless City #1)
2026-06-02 22:51:40 - INFO - Scraped: The Murder That Never Was (Forensic Instincts #5)
2026-06-02 22:51:40,732 - INFO - Scraped: The Murder That Never Was (Forensic Instincts #5)
2026-06-02 22:51:40 - INFO - Scraped: The Most Perfect Thing: Inside (and Outside) a Bird's Egg
2026-06-02 22:51:40,733 - INFO - Scraped: The Most Perfect Thing: Inside (and Outside) a Bird's Egg
2026-06-02 22:51:40 - INFO - Scraped: The Mindfulness and Acceptance Workbook for Anxiety: A Guide to Breaking Free from Anxiety, Phobias, and Worry Using Acceptance and Commitment Therapy
2026-06-02 22:51:40,734 - INFO - Scraped: The Mindfulness and Acceptance Workbook for Anxiety: A Guide to Breaking Free from Anxiety, Phobias, and Worry Using Acceptance and Commitment Therapy
2026-06-02 22:51:40 - INFO - Scraped: The Life-Changing Magic of Tidying Up: The Japanese Art of Decluttering and Organizing
2026-06-02 22:51:40,735 - INFO - Scraped: The Life-Changing Magic of Tidying Up: The Japanese Art of Decluttering and Organizing
2026-06-02 22:51:40 - INFO - Scraped: The Inefficiency Assassin: Time Management Tactics for Working Smarter, Not Longer
2026-06-02 22:51:40,736 - INFO - Scraped: The Inefficiency Assassin: Time Management Tactics for Working Smarter, Not Longer
2026-06-02 22:51:40 - INFO - Scraped: The Gutsy Girl: Escapades for Your Life of Epic Adventure
2026-06-02 22:51:40,738 - INFO - Scraped: The Gutsy Girl: Escapades for Your Life of Epic Adventure
2026-06-02 22:51:40 - INFO - Scraped: The Electric Pencil: Drawings from Inside State Hospital No. 3
2026-06-02 22:51:40,739 - INFO - Scraped: The Electric Pencil: Drawings from Inside State Hospital No. 3
2026-06-02 22:51:40 - INFO - Scraped: The Death of Humanity: and the Case for Life
2026-06-02 22:51:40,740 - INFO - Scraped: The Death of Humanity: and the Case for Life
2026-06-02 22:51:40 - INFO - Scraped: The Bulletproof Diet: Lose up to a Pound a Day, Reclaim Energy and Focus, Upgrade Your Life
2026-06-02 22:51:40,741 - INFO - Scraped: The Bulletproof Diet: Lose up to a Pound a Day, Reclaim Energy and Focus, Upgrade Your Life
2026-06-02 22:51:40 - INFO - Scraped: The Art Forger
2026-06-02 22:51:40,742 - INFO - Scraped: The Art Forger
2026-06-02 22:51:40 - INFO - Scraped: The Age of Genius: The Seventeenth Century and the Birth of the Modern Mind
2026-06-02 22:51:40,743 - INFO - Scraped: The Age of Genius: The Seventeenth Century and the Birth of the Modern Mind
2026-06-02 22:51:40 - INFO - Scraped: The Activist's Tao Te Ching: Ancient Advice for a Modern Revolution
2026-06-02 22:51:40,745 - INFO - Scraped: The Activist's Tao Te Ching: Ancient Advice for a Modern Revolution
2026-06-02 22:51:40 - INFO - Scraped: Spark Joy: An Illustrated Master Class on the Art of Organizing and Tidying Up
2026-06-02 22:51:40,746 - INFO - Scraped: Spark Joy: An Illustrated Master Class on the Art of Organizing and Tidying Up
2026-06-02 22:51:40 - INFO - Scraped: Soul Reader
2026-06-02 22:51:40,747 - INFO - Scraped: Soul Reader
2026-06-02 22:51:40 - INFO - Scraped: Security
2026-06-02 22:51:40,748 - INFO - Scraped: Security
2026-06-02 22:51:40 - INFO - Scraped: Saga, Volume 6 (Saga (Collected Editions) #6)
2026-06-02 22:51:40,750 - INFO - Scraped: Saga, Volume 6 (Saga (Collected Editions) #6)
2026-06-02 22:51:40 - INFO - Scraped: Saga, Volume 5 (Saga (Collected Editions) #5)
2026-06-02 22:51:40,751 - INFO - Scraped: Saga, Volume 5 (Saga (Collected Editions) #5)
2026-06-02 22:51:40 - INFO - Scraped: Reskilling America: Learning to Labor in the Twenty-First Century
2026-06-02 22:51:40,752 - INFO - Scraped: Reskilling America: Learning to Labor in the Twenty-First Century
2026-06-02 22:51:40 - INFO - Scraped: Rat Queens, Vol. 3: Demons (Rat Queens (Collected Editions) #11-15)
2026-06-02 22:51:40,753 - INFO - Scraped: Rat Queens, Vol. 3: Demons (Rat Queens (Collected Editions) #11-15)
2026-06-02 22:51:45 - INFO - Requesting URL: https://books.toscrape.com/catalogue/page-5.html | Status Code: 200
2026-06-02 22:51:45,999 - INFO - Requesting URL: https://books.toscrape.com/catalogue/page-5.html | Status Code: 200
2026-06-02 22:51:46 - INFO - Scraped: Princess Jellyfish 2-in-1 Omnibus, Vol. 01 (Princess Jellyfish 2-in-1 Omnibus #1)
2026-06-02 22:51:46,054 - INFO - Scraped: Princess Jellyfish 2-in-1 Omnibus, Vol. 01 (Princess Jellyfish 2-in-1 Omnibus #1)
2026-06-02 22:51:46 - INFO - Scraped: Princess Between Worlds (Wide-Awake Princess #5)
2026-06-02 22:51:46,056 - INFO - Scraped: Princess Between Worlds (Wide-Awake Princess #5)
2026-06-02 22:51:46 - INFO - Scraped: Pop Gun War, Volume 1: Gift
2026-06-02 22:51:46,057 - INFO - Scraped: Pop Gun War, Volume 1: Gift
2026-06-02 22:51:46 - INFO - Scraped: Political Suicide: Missteps, Peccadilloes, Bad Calls, Backroom Hijinx, Sordid Pasts, Rotten Breaks, and Just Plain Dumb Mistakes in the Annals of American Politics
2026-06-02 22:51:46,058 - INFO - Scraped: Political Suicide: Missteps, Peccadilloes, Bad Calls, Backroom Hijinx, Sordid Pasts, Rotten Breaks, and Just Plain Dumb Mistakes in the Annals of American Politics
2026-06-02 22:51:46 - INFO - Scraped: Patience
2026-06-02 22:51:46,059 - INFO - Scraped: Patience
2026-06-02 22:51:46 - INFO - Scraped: Outcast, Vol. 1: A Darkness Surrounds Him (Outcast #1)
2026-06-02 22:51:46,060 - INFO - Scraped: Outcast, Vol. 1: A Darkness Surrounds Him (Outcast #1)
2026-06-02 22:51:46 - INFO - Scraped: orange: The Complete Collection 1 (orange: The Complete Collection #1)
2026-06-02 22:51:46,061 - INFO - Scraped: orange: The Complete Collection 1 (orange: The Complete Collection #1)
2026-06-02 22:51:46 - INFO - Scraped: Online Marketing for Busy Authors: A Step-By-Step Guide
2026-06-02 22:51:46,062 - INFO - Scraped: Online Marketing for Busy Authors: A Step-By-Step Guide
2026-06-02 22:51:46 - INFO - Scraped: On a Midnight Clear
2026-06-02 22:51:46,063 - INFO - Scraped: On a Midnight Clear
2026-06-02 22:51:46 - INFO - Scraped: Obsidian (Lux #1)
2026-06-02 22:51:46,065 - INFO - Scraped: Obsidian (Lux #1)
2026-06-02 22:51:46 - INFO - Scraped: My Paris Kitchen: Recipes and Stories
2026-06-02 22:51:46,066 - INFO - Scraped: My Paris Kitchen: Recipes and Stories
2026-06-02 22:51:46 - INFO - Scraped: Masks and Shadows
2026-06-02 22:51:46,067 - INFO - Scraped: Masks and Shadows
2026-06-02 22:51:46 - INFO - Scraped: Mama Tried: Traditional Italian Cooking for the Screwed, Crude, Vegan, and Tattooed
2026-06-02 22:51:46,068 - INFO - Scraped: Mama Tried: Traditional Italian Cooking for the Screwed, Crude, Vegan, and Tattooed
2026-06-02 22:51:46 - INFO - Scraped: Lumberjanes, Vol. 2: Friendship to the Max (Lumberjanes #5-8)
2026-06-02 22:51:46,070 - INFO - Scraped: Lumberjanes, Vol. 2: Friendship to the Max (Lumberjanes #5-8)
2026-06-02 22:51:46 - INFO - Scraped: Lumberjanes, Vol. 1: Beware the Kitten Holy (Lumberjanes #1-4)
2026-06-02 22:51:46,072 - INFO - Scraped: Lumberjanes, Vol. 1: Beware the Kitten Holy (Lumberjanes #1-4)
2026-06-02 22:51:46 - INFO - Scraped: Lumberjanes Vol. 3: A Terrible Plan (Lumberjanes #9-12)
2026-06-02 22:51:46,073 - INFO - Scraped: Lumberjanes Vol. 3: A Terrible Plan (Lumberjanes #9-12)
2026-06-02 22:51:46 - INFO - Scraped: Layered: Baking, Building, and Styling Spectacular Cakes
2026-06-02 22:51:46,074 - INFO - Scraped: Layered: Baking, Building, and Styling Spectacular Cakes
2026-06-02 22:51:46 - INFO - Scraped: Judo: Seven Steps to Black Belt (an Introductory Guide for Beginners)
2026-06-02 22:51:46,075 - INFO - Scraped: Judo: Seven Steps to Black Belt (an Introductory Guide for Beginners)
2026-06-02 22:51:46 - INFO - Scraped: Join
2026-06-02 22:51:46,077 - INFO - Scraped: Join
2026-06-02 22:51:46 - INFO - Scraped: In the Country We Love: My Family Divided
2026-06-02 22:51:46,079 - INFO - Scraped: In the Country We Love: My Family Divided
2026-06-02 22:51:50 - INFO - Requesting URL: https://books.toscrape.com/catalogue/page-6.html | Status Code: 200
2026-06-02 22:51:50,584 - INFO - Requesting URL: https://books.toscrape.com/catalogue/page-6.html | Status Code: 200
2026-06-02 22:51:50 - INFO - Scraped: Immunity: How Elie Metchnikoff Changed the Course of Modern Medicine
2026-06-02 22:51:50,641 - INFO - Scraped: Immunity: How Elie Metchnikoff Changed the Course of Modern Medicine
2026-06-02 22:51:50 - INFO - Scraped: I Hate Fairyland, Vol. 1: Madly Ever After (I Hate Fairyland (Compilations) #1-5)
2026-06-02 22:51:50,641 - INFO - Scraped: I Hate Fairyland, Vol. 1: Madly Ever After (I Hate Fairyland (Compilations) #1-5)
2026-06-02 22:51:50 - INFO - Scraped: I am a Hero Omnibus Volume 1
2026-06-02 22:51:50,643 - INFO - Scraped: I am a Hero Omnibus Volume 1
2026-06-02 22:51:50 - INFO - Scraped: How to Be Miserable: 40 Strategies You Already Use
2026-06-02 22:51:50,644 - INFO - Scraped: How to Be Miserable: 40 Strategies You Already Use
2026-06-02 22:51:50 - INFO - Scraped: Her Backup Boyfriend (The Sorensen Family #1)
2026-06-02 22:51:50,645 - INFO - Scraped: Her Backup Boyfriend (The Sorensen Family #1)
2026-06-02 22:51:50 - INFO - Scraped: Giant Days, Vol. 2 (Giant Days #5-8)
2026-06-02 22:51:50,647 - INFO - Scraped: Giant Days, Vol. 2 (Giant Days #5-8)
2026-06-02 22:51:50 - INFO - Scraped: Forever and Forever: The Courtship of Henry Longfellow and Fanny Appleton
2026-06-02 22:51:50,648 - INFO - Scraped: Forever and Forever: The Courtship of Henry Longfellow and Fanny Appleton
2026-06-02 22:51:50 - INFO - Scraped: First and First (Five Boroughs #3)
2026-06-02 22:51:50,649 - INFO - Scraped: First and First (Five Boroughs #3)
2026-06-02 22:51:50 - INFO - Scraped: Fifty Shades Darker (Fifty Shades #2)
2026-06-02 22:51:50,651 - INFO - Scraped: Fifty Shades Darker (Fifty Shades #2)
2026-06-02 22:51:50 - INFO - Scraped: Everydata: The Misinformation Hidden in the Little Data You Consume Every Day
2026-06-02 22:51:50,652 - INFO - Scraped: Everydata: The Misinformation Hidden in the Little Data You Consume Every Day
2026-06-02 22:51:50 - INFO - Scraped: Don't Be a Jerk: And Other Practical Advice from Dogen, Japan's Greatest Zen Master
2026-06-02 22:51:50,653 - INFO - Scraped: Don't Be a Jerk: And Other Practical Advice from Dogen, Japan's Greatest Zen Master
2026-06-02 22:51:50 - INFO - Scraped: Danganronpa Volume 1
2026-06-02 22:51:50,654 - INFO - Scraped: Danganronpa Volume 1
2026-06-02 22:51:50 - INFO - Scraped: Crown of Midnight (Throne of Glass #2)
2026-06-02 22:51:50,657 - INFO - Scraped: Crown of Midnight (Throne of Glass #2)
2026-06-02 22:51:50 - INFO - Scraped: Codename Baboushka, Volume 1: The Conclave of Death
2026-06-02 22:51:50,659 - INFO - Scraped: Codename Baboushka, Volume 1: The Conclave of Death
2026-06-02 22:51:50 - INFO - Scraped: Camp Midnight
2026-06-02 22:51:50,662 - INFO - Scraped: Camp Midnight
2026-06-02 22:51:50 - INFO - Scraped: Call the Nurse: True Stories of a Country Nurse on a Scottish Isle
2026-06-02 22:51:50,663 - INFO - Scraped: Call the Nurse: True Stories of a Country Nurse on a Scottish Isle
2026-06-02 22:51:50 - INFO - Scraped: Burning
2026-06-02 22:51:50,664 - INFO - Scraped: Burning
2026-06-02 22:51:50 - INFO - Scraped: Bossypants
2026-06-02 22:51:50,665 - INFO - Scraped: Bossypants
2026-06-02 22:51:50 - INFO - Scraped: Bitch Planet, Vol. 1: Extraordinary Machine (Bitch Planet (Collected Editions))
2026-06-02 22:51:50,667 - INFO - Scraped: Bitch Planet, Vol. 1: Extraordinary Machine (Bitch Planet (Collected Editions))
2026-06-02 22:51:50 - INFO - Scraped: Avatar: The Last Airbender: Smoke and Shadow, Part 3 (Smoke and Shadow #3)
2026-06-02 22:51:50,668 - INFO - Scraped: Avatar: The Last Airbender: Smoke and Shadow, Part 3 (Smoke and Shadow #3)
2026-06-02 22:51:53 - INFO - Requesting URL: https://books.toscrape.com/catalogue/page-7.html | Status Code: 200
2026-06-02 22:51:53,806 - INFO - Requesting URL: https://books.toscrape.com/catalogue/page-7.html | Status Code: 200
2026-06-02 22:51:53 - INFO - Scraped: Algorithms to Live By: The Computer Science of Human Decisions
2026-06-02 22:51:53,863 - INFO - Scraped: Algorithms to Live By: The Computer Science of Human Decisions
2026-06-02 22:51:53 - INFO - Scraped: A World of Flavor: Your Gluten Free Passport
2026-06-02 22:51:53,864 - INFO - Scraped: A World of Flavor: Your Gluten Free Passport
2026-06-02 22:51:53 - INFO - Scraped: A Piece of Sky, a Grain of Rice: A Memoir in Four Meditations
2026-06-02 22:51:53,865 - INFO - Scraped: A Piece of Sky, a Grain of Rice: A Memoir in Four Meditations
2026-06-02 22:51:53 - INFO - Scraped: A Murder in Time
2026-06-02 22:51:53,866 - INFO - Scraped: A Murder in Time
2026-06-02 22:51:53 - INFO - Scraped: A Flight of Arrows (The Pathfinders #2)
2026-06-02 22:51:53,867 - INFO - Scraped: A Flight of Arrows (The Pathfinders #2)
2026-06-02 22:51:53 - INFO - Scraped: A Fierce and Subtle Poison
2026-06-02 22:51:53,868 - INFO - Scraped: A Fierce and Subtle Poison
2026-06-02 22:51:53 - INFO - Scraped: A Court of Thorns and Roses (A Court of Thorns and Roses #1)
2026-06-02 22:51:53,869 - INFO - Scraped: A Court of Thorns and Roses (A Court of Thorns and Roses #1)
2026-06-02 22:51:53 - INFO - Scraped: (Un)Qualified: How God Uses Broken People to Do Big Things
2026-06-02 22:51:53,871 - INFO - Scraped: (Un)Qualified: How God Uses Broken People to Do Big Things
2026-06-02 22:51:53 - INFO - Scraped: You Are What You Love: The Spiritual Power of Habit
2026-06-02 22:51:53,872 - INFO - Scraped: You Are What You Love: The Spiritual Power of Habit
2026-06-02 22:51:53 - INFO - Scraped: William Shakespeare's Star Wars: Verily, A New Hope (William Shakespeare's Star Wars #4)
2026-06-02 22:51:53,872 - INFO - Scraped: William Shakespeare's Star Wars: Verily, A New Hope (William Shakespeare's Star Wars #4)
2026-06-02 22:51:53 - INFO - Scraped: Tuesday Nights in 1980
2026-06-02 22:51:53,874 - INFO - Scraped: Tuesday Nights in 1980
2026-06-02 22:51:53 - INFO - Scraped: Tracing Numbers on a Train
2026-06-02 22:51:53,874 - INFO - Scraped: Tracing Numbers on a Train
2026-06-02 22:51:53 - INFO - Scraped: Throne of Glass (Throne of Glass #1)
2026-06-02 22:51:53,876 - INFO - Scraped: Throne of Glass (Throne of Glass #1)
2026-06-02 22:51:53 - INFO - Scraped: Thomas Jefferson and the Tripoli Pirates: The Forgotten War That Changed American History
2026-06-02 22:51:53,877 - INFO - Scraped: Thomas Jefferson and the Tripoli Pirates: The Forgotten War That Changed American History
2026-06-02 22:51:53 - INFO - Scraped: Thirteen Reasons Why
2026-06-02 22:51:53,878 - INFO - Scraped: Thirteen Reasons Why
2026-06-02 22:51:53 - INFO - Scraped: The White Cat and the Monk: A Retelling of the Poem “Pangur Bán”
2026-06-02 22:51:53,879 - INFO - Scraped: The White Cat and the Monk: A Retelling of the Poem “Pangur Bán”
2026-06-02 22:51:53 - INFO - Scraped: The Wedding Dress
2026-06-02 22:51:53,880 - INFO - Scraped: The Wedding Dress
2026-06-02 22:51:53 - INFO - Scraped: The Vacationers
2026-06-02 22:51:53,882 - INFO - Scraped: The Vacationers
2026-06-02 22:51:53 - INFO - Scraped: The Third Wave: An Entrepreneur’s Vision of the Future
2026-06-02 22:51:53,883 - INFO - Scraped: The Third Wave: An Entrepreneur’s Vision of the Future
2026-06-02 22:51:53 - INFO - Scraped: The Stranger
2026-06-02 22:51:53,883 - INFO - Scraped: The Stranger
2026-06-02 22:51:59 - INFO - Requesting URL: https://books.toscrape.com/catalogue/page-8.html | Status Code: 200
2026-06-02 22:51:59,791 - INFO - Requesting URL: https://books.toscrape.com/catalogue/page-8.html | Status Code: 200
2026-06-02 22:51:59 - INFO - Scraped: The Shadow Hero (The Shadow Hero)
2026-06-02 22:51:59,848 - INFO - Scraped: The Shadow Hero (The Shadow Hero)
2026-06-02 22:51:59 - INFO - Scraped: The Secret (The Secret #1)
2026-06-02 22:51:59,849 - INFO - Scraped: The Secret (The Secret #1)
2026-06-02 22:51:59 - INFO - Scraped: The Regional Office Is Under Attack!
2026-06-02 22:51:59,850 - INFO - Scraped: The Regional Office Is Under Attack!
2026-06-02 22:51:59 - INFO - Scraped: The Psychopath Test: A Journey Through the Madness Industry
2026-06-02 22:51:59,851 - INFO - Scraped: The Psychopath Test: A Journey Through the Madness Industry
2026-06-02 22:51:59 - INFO - Scraped: The Project
2026-06-02 22:51:59,852 - INFO - Scraped: The Project
2026-06-02 22:51:59 - INFO - Scraped: The Power of Now: A Guide to Spiritual Enlightenment
2026-06-02 22:51:59,853 - INFO - Scraped: The Power of Now: A Guide to Spiritual Enlightenment
2026-06-02 22:51:59 - INFO - Scraped: The Omnivore's Dilemma: A Natural History of Four Meals
2026-06-02 22:51:59,855 - INFO - Scraped: The Omnivore's Dilemma: A Natural History of Four Meals
2026-06-02 22:51:59 - INFO - Scraped: The Nerdy Nummies Cookbook: Sweet Treats for the Geek in All of Us
2026-06-02 22:51:59,856 - INFO - Scraped: The Nerdy Nummies Cookbook: Sweet Treats for the Geek in All of Us
2026-06-02 22:51:59 - INFO - Scraped: The Murder of Roger Ackroyd (Hercule Poirot #4)
2026-06-02 22:51:59,857 - INFO - Scraped: The Murder of Roger Ackroyd (Hercule Poirot #4)
2026-06-02 22:51:59 - INFO - Scraped: The Mistake (Off-Campus #2)
2026-06-02 22:51:59,859 - INFO - Scraped: The Mistake (Off-Campus #2)
2026-06-02 22:51:59 - INFO - Scraped: The Matchmaker's Playbook (Wingmen Inc. #1)
2026-06-02 22:51:59,860 - INFO - Scraped: The Matchmaker's Playbook (Wingmen Inc. #1)
2026-06-02 22:51:59 - INFO - Scraped: The Love and Lemons Cookbook: An Apple-to-Zucchini Celebration of Impromptu Cooking
2026-06-02 22:51:59,862 - INFO - Scraped: The Love and Lemons Cookbook: An Apple-to-Zucchini Celebration of Impromptu Cooking
2026-06-02 22:51:59 - INFO - Scraped: The Long Shadow of Small Ghosts: Murder and Memory in an American City
2026-06-02 22:51:59,864 - INFO - Scraped: The Long Shadow of Small Ghosts: Murder and Memory in an American City
2026-06-02 22:51:59 - INFO - Scraped: The Kite Runner
2026-06-02 22:51:59,865 - INFO - Scraped: The Kite Runner
2026-06-02 22:51:59 - INFO - Scraped: The House by the Lake
2026-06-02 22:51:59,865 - INFO - Scraped: The House by the Lake
2026-06-02 22:51:59 - INFO - Scraped: The Glittering Court (The Glittering Court #1)
2026-06-02 22:51:59,867 - INFO - Scraped: The Glittering Court (The Glittering Court #1)
2026-06-02 22:51:59 - INFO - Scraped: The Girl on the Train
2026-06-02 22:51:59,868 - INFO - Scraped: The Girl on the Train
2026-06-02 22:51:59 - INFO - Scraped: The Genius of Birds
2026-06-02 22:51:59,871 - INFO - Scraped: The Genius of Birds
2026-06-02 22:51:59 - INFO - Scraped: The Emerald Mystery
2026-06-02 22:51:59,874 - INFO - Scraped: The Emerald Mystery
2026-06-02 22:51:59 - INFO - Scraped: The Cookies & Cups Cookbook: 125+ sweet & savory recipes reminding you to Always Eat Dessert First
2026-06-02 22:51:59,875 - INFO - Scraped: The Cookies & Cups Cookbook: 125+ sweet & savory recipes reminding you to Always Eat Dessert First
2026-06-02 22:52:06 - INFO - Requesting URL: https://books.toscrape.com/catalogue/page-9.html | Status Code: 200
2026-06-02 22:52:06,837 - INFO - Requesting URL: https://books.toscrape.com/catalogue/page-9.html | Status Code: 200
2026-06-02 22:52:06 - INFO - Scraped: The Bridge to Consciousness: I'm Writing the Bridge Between Science and Our Old and New Beliefs.
2026-06-02 22:52:06,897 - INFO - Scraped: The Bridge to Consciousness: I'm Writing the Bridge Between Science and Our Old and New Beliefs.
2026-06-02 22:52:06 - INFO - Scraped: The Artist's Way: A Spiritual Path to Higher Creativity
2026-06-02 22:52:06,899 - INFO - Scraped: The Artist's Way: A Spiritual Path to Higher Creativity
2026-06-02 22:52:06 - INFO - Scraped: The Art of War
2026-06-02 22:52:06,900 - INFO - Scraped: The Art of War
2026-06-02 22:52:06 - INFO - Scraped: The Argonauts
2026-06-02 22:52:06,900 - INFO - Scraped: The Argonauts
2026-06-02 22:52:06 - INFO - Scraped: The 10% Entrepreneur: Live Your Startup Dream Without Quitting Your Day Job
2026-06-02 22:52:06,901 - INFO - Scraped: The 10% Entrepreneur: Live Your Startup Dream Without Quitting Your Day Job
2026-06-02 22:52:06 - INFO - Scraped: Suddenly in Love (Lake Haven #1)
2026-06-02 22:52:06,902 - INFO - Scraped: Suddenly in Love (Lake Haven #1)
2026-06-02 22:52:06 - INFO - Scraped: Something More Than This
2026-06-02 22:52:06,904 - INFO - Scraped: Something More Than This
2026-06-02 22:52:06 - INFO - Scraped: Soft Apocalypse
2026-06-02 22:52:06,906 - INFO - Scraped: Soft Apocalypse
2026-06-02 22:52:06 - INFO - Scraped: So You've Been Publicly Shamed
2026-06-02 22:52:06,907 - INFO - Scraped: So You've Been Publicly Shamed
2026-06-02 22:52:06 - INFO - Scraped: Shoe Dog: A Memoir by the Creator of NIKE
2026-06-02 22:52:06,908 - INFO - Scraped: Shoe Dog: A Memoir by the Creator of NIKE
2026-06-02 22:52:06 - INFO - Scraped: Shobu Samurai, Project Aryoku (#3)
2026-06-02 22:52:06,909 - INFO - Scraped: Shobu Samurai, Project Aryoku (#3)
2026-06-02 22:52:06 - INFO - Scraped: Secrets and Lace (Fatal Hearts #1)
2026-06-02 22:52:06,910 - INFO - Scraped: Secrets and Lace (Fatal Hearts #1)
2026-06-02 22:52:06 - INFO - Scraped: Scarlett Epstein Hates It Here
2026-06-02 22:52:06,911 - INFO - Scraped: Scarlett Epstein Hates It Here
2026-06-02 22:52:06 - INFO - Scraped: Romero and Juliet: A Tragic Tale of Love and Zombies
2026-06-02 22:52:06,912 - INFO - Scraped: Romero and Juliet: A Tragic Tale of Love and Zombies
2026-06-02 22:52:06 - INFO - Scraped: Redeeming Love
2026-06-02 22:52:06,913 - INFO - Scraped: Redeeming Love
2026-06-02 22:52:06 - INFO - Scraped: Poses for Artists Volume 1 - Dynamic and Sitting Poses: An Essential Reference for Figure Drawing and the Human Form
2026-06-02 22:52:06,914 - INFO - Scraped: Poses for Artists Volume 1 - Dynamic and Sitting Poses: An Essential Reference for Figure Drawing and the Human Form
2026-06-02 22:52:06 - INFO - Scraped: Poems That Make Grown Women Cry
2026-06-02 22:52:06,915 - INFO - Scraped: Poems That Make Grown Women Cry
2026-06-02 22:52:06 - INFO - Scraped: Nightingale, Sing
2026-06-02 22:52:06,917 - INFO - Scraped: Nightingale, Sing
2026-06-02 22:52:06 - INFO - Scraped: Night Sky with Exit Wounds
2026-06-02 22:52:06,918 - INFO - Scraped: Night Sky with Exit Wounds
2026-06-02 22:52:06 - INFO - Scraped: Mrs. Houdini
2026-06-02 22:52:06,919 - INFO - Scraped: Mrs. Houdini
2026-06-02 22:52:13 - INFO - Requesting URL: https://books.toscrape.com/catalogue/page-10.html | Status Code: 200
2026-06-02 22:52:13,186 - INFO - Requesting URL: https://books.toscrape.com/catalogue/page-10.html | Status Code: 200
2026-06-02 22:52:13 - INFO - Scraped: Modern Romance
2026-06-02 22:52:13,246 - INFO - Scraped: Modern Romance
2026-06-02 22:52:13 - INFO - Scraped: Miss Peregrine’s Home for Peculiar Children (Miss Peregrine’s Peculiar Children #1)
2026-06-02 22:52:13,247 - INFO - Scraped: Miss Peregrine’s Home for Peculiar Children (Miss Peregrine’s Peculiar Children #1)
2026-06-02 22:52:13 - INFO - Scraped: Louisa: The Extraordinary Life of Mrs. Adams
2026-06-02 22:52:13,247 - INFO - Scraped: Louisa: The Extraordinary Life of Mrs. Adams
2026-06-02 22:52:13 - INFO - Scraped: Little Red
2026-06-02 22:52:13,248 - INFO - Scraped: Little Red
2026-06-02 22:52:13 - INFO - Scraped: Library of Souls (Miss Peregrine’s Peculiar Children #3)
2026-06-02 22:52:13,249 - INFO - Scraped: Library of Souls (Miss Peregrine’s Peculiar Children #3)
2026-06-02 22:52:13 - INFO - Scraped: Large Print Heart of the Pride
2026-06-02 22:52:13,250 - INFO - Scraped: Large Print Heart of the Pride
2026-06-02 22:52:13 - INFO - Scraped: I Had a Nice Time And Other Lies...: How to find love & sh*t like that
2026-06-02 22:52:13,252 - INFO - Scraped: I Had a Nice Time And Other Lies...: How to find love & sh*t like that
2026-06-02 22:52:13 - INFO - Scraped: Hollow City (Miss Peregrine’s Peculiar Children #2)
2026-06-02 22:52:13,253 - INFO - Scraped: Hollow City (Miss Peregrine’s Peculiar Children #2)
2026-06-02 22:52:13 - INFO - Scraped: Grumbles
2026-06-02 22:52:13,254 - INFO - Scraped: Grumbles
2026-06-02 22:52:13 - INFO - Scraped: Full Moon over Noah’s Ark: An Odyssey to Mount Ararat and Beyond
2026-06-02 22:52:13,255 - INFO - Scraped: Full Moon over Noah’s Ark: An Odyssey to Mount Ararat and Beyond
2026-06-02 22:52:13 - INFO - Scraped: Frostbite (Vampire Academy #2)
2026-06-02 22:52:13,256 - INFO - Scraped: Frostbite (Vampire Academy #2)
2026-06-02 22:52:13 - INFO - Scraped: Follow You Home
2026-06-02 22:52:13,257 - INFO - Scraped: Follow You Home
2026-06-02 22:52:13 - INFO - Scraped: First Steps for New Christians (Print Edition)
2026-06-02 22:52:13,259 - INFO - Scraped: First Steps for New Christians (Print Edition)
2026-06-02 22:52:13 - INFO - Scraped: Finders Keepers (Bill Hodges Trilogy #2)
2026-06-02 22:52:13,260 - INFO - Scraped: Finders Keepers (Bill Hodges Trilogy #2)
2026-06-02 22:52:13 - INFO - Scraped: Fables, Vol. 1: Legends in Exile (Fables #1)
2026-06-02 22:52:13,262 - INFO - Scraped: Fables, Vol. 1: Legends in Exile (Fables #1)
2026-06-02 22:52:13 - INFO - Scraped: Eureka Trivia 6.0
2026-06-02 22:52:13,263 - INFO - Scraped: Eureka Trivia 6.0
2026-06-02 22:52:13 - INFO - Scraped: Drive: The Surprising Truth About What Motivates Us
2026-06-02 22:52:13,264 - INFO - Scraped: Drive: The Surprising Truth About What Motivates Us
2026-06-02 22:52:13 - INFO - Scraped: Done Rubbed Out (Reightman & Bailey #1)
2026-06-02 22:52:13,266 - INFO - Scraped: Done Rubbed Out (Reightman & Bailey #1)
2026-06-02 22:52:13 - INFO - Scraped: Doing It Over (Most Likely To #1)
2026-06-02 22:52:13,267 - INFO - Scraped: Doing It Over (Most Likely To #1)
2026-06-02 22:52:13 - INFO - Scraped: Deliciously Ella Every Day: Quick and Easy Recipes for Gluten-Free Snacks, Packed Lunches, and Simple Meals
2026-06-02 22:52:13,270 - INFO - Scraped: Deliciously Ella Every Day: Quick and Easy Recipes for Gluten-Free Snacks, Packed Lunches, and Simple Meals
2026-06-02 22:52:19 - INFO - Requesting URL: https://books.toscrape.com/catalogue/page-11.html | Status Code: 200
2026-06-02 22:52:19,002 - INFO - Requesting URL: https://books.toscrape.com/catalogue/page-11.html | Status Code: 200
2026-06-02 22:52:19 - INFO - Scraped: Dark Notes
2026-06-02 22:52:19,110 - INFO - Scraped: Dark Notes
2026-06-02 22:52:19 - INFO - Scraped: Daring Greatly: How the Courage to Be Vulnerable Transforms the Way We Live, Love, Parent, and Lead
2026-06-02 22:52:19,111 - INFO - Scraped: Daring Greatly: How the Courage to Be Vulnerable Transforms the Way We Live, Love, Parent, and Lead
2026-06-02 22:52:19 - INFO - Scraped: Close to You
2026-06-02 22:52:19,112 - INFO - Scraped: Close to You
2026-06-02 22:52:19 - INFO - Scraped: Chasing Heaven: What Dying Taught Me About Living
2026-06-02 22:52:19,113 - INFO - Scraped: Chasing Heaven: What Dying Taught Me About Living
2026-06-02 22:52:19 - INFO - Scraped: Big Magic: Creative Living Beyond Fear
2026-06-02 22:52:19,114 - INFO - Scraped: Big Magic: Creative Living Beyond Fear
2026-06-02 22:52:19 - INFO - Scraped: Becoming Wise: An Inquiry into the Mystery and Art of Living
2026-06-02 22:52:19,115 - INFO - Scraped: Becoming Wise: An Inquiry into the Mystery and Art of Living
2026-06-02 22:52:19 - INFO - Scraped: Beauty Restored (Riley Family Legacy Novellas #3)
2026-06-02 22:52:19,116 - INFO - Scraped: Beauty Restored (Riley Family Legacy Novellas #3)
2026-06-02 22:52:19 - INFO - Scraped: Batman: The Long Halloween (Batman)
2026-06-02 22:52:19,117 - INFO - Scraped: Batman: The Long Halloween (Batman)
2026-06-02 22:52:19 - INFO - Scraped: Batman: The Dark Knight Returns (Batman)
2026-06-02 22:52:19,118 - INFO - Scraped: Batman: The Dark Knight Returns (Batman)
2026-06-02 22:52:19 - INFO - Scraped: Ayumi's Violin
2026-06-02 22:52:19,119 - INFO - Scraped: Ayumi's Violin
2026-06-02 22:52:19 - INFO - Scraped: Anonymous
2026-06-02 22:52:19,120 - INFO - Scraped: Anonymous
2026-06-02 22:52:19 - INFO - Scraped: Amy Meets the Saints and Sages
2026-06-02 22:52:19,121 - INFO - Scraped: Amy Meets the Saints and Sages
2026-06-02 22:52:19 - INFO - Scraped: Amid the Chaos
2026-06-02 22:52:19,123 - INFO - Scraped: Amid the Chaos
2026-06-02 22:52:19 - INFO - Scraped: Amatus
2026-06-02 22:52:19,124 - INFO - Scraped: Amatus
2026-06-02 22:52:19 - INFO - Scraped: Agnostic: A Spirited Manifesto
2026-06-02 22:52:19,127 - INFO - Scraped: Agnostic: A Spirited Manifesto
2026-06-02 22:52:19 - INFO - Scraped: Zealot: The Life and Times of Jesus of Nazareth
2026-06-02 22:52:19,128 - INFO - Scraped: Zealot: The Life and Times of Jesus of Nazareth
2026-06-02 22:52:19 - INFO - Scraped: You (You #1)
2026-06-02 22:52:19,129 - INFO - Scraped: You (You #1)
2026-06-02 22:52:19 - INFO - Scraped: Wonder Woman: Earth One, Volume One (Wonder Woman: Earth One #1)
2026-06-02 22:52:19,130 - INFO - Scraped: Wonder Woman: Earth One, Volume One (Wonder Woman: Earth One #1)
2026-06-02 22:52:19 - INFO - Scraped: Wild Swans
2026-06-02 22:52:19,132 - INFO - Scraped: Wild Swans
2026-06-02 22:52:19 - INFO - Scraped: Why the Right Went Wrong: Conservatism--From Goldwater to the Tea Party and Beyond
2026-06-02 22:52:19,133 - INFO - Scraped: Why the Right Went Wrong: Conservatism--From Goldwater to the Tea Party and Beyond
2026-06-02 22:52:22 - INFO - Requesting URL: https://books.toscrape.com/catalogue/page-12.html | Status Code: 200
2026-06-02 22:52:22,248 - INFO - Requesting URL: https://books.toscrape.com/catalogue/page-12.html | Status Code: 200
2026-06-02 22:52:22 - INFO - Scraped: Whole Lotta Creativity Going On: 60 Fun and Unusual Exercises to Awaken and Strengthen Your Creativity
2026-06-02 22:52:22,303 - INFO - Scraped: Whole Lotta Creativity Going On: 60 Fun and Unusual Exercises to Awaken and Strengthen Your Creativity
2026-06-02 22:52:22 - INFO - Scraped: What's It Like in Space?: Stories from Astronauts Who've Been There
2026-06-02 22:52:22,305 - INFO - Scraped: What's It Like in Space?: Stories from Astronauts Who've Been There
2026-06-02 22:52:22 - INFO - Scraped: We Are Robin, Vol. 1: The Vigilante Business (We Are Robin #1)
2026-06-02 22:52:22,306 - INFO - Scraped: We Are Robin, Vol. 1: The Vigilante Business (We Are Robin #1)
2026-06-02 22:52:22 - INFO - Scraped: Walt Disney's Alice in Wonderland
2026-06-02 22:52:22,306 - INFO - Scraped: Walt Disney's Alice in Wonderland
2026-06-02 22:52:22 - INFO - Scraped: V for Vendetta (V for Vendetta Complete)
2026-06-02 22:52:22,307 - INFO - Scraped: V for Vendetta (V for Vendetta Complete)
2026-06-02 22:52:22 - INFO - Scraped: Until Friday Night (The Field Party #1)
2026-06-02 22:52:22,308 - INFO - Scraped: Until Friday Night (The Field Party #1)
2026-06-02 22:52:22 - INFO - Scraped: Unbroken: A World War II Story of Survival, Resilience, and Redemption
2026-06-02 22:52:22,310 - INFO - Scraped: Unbroken: A World War II Story of Survival, Resilience, and Redemption
2026-06-02 22:52:22 - INFO - Scraped: Twenty Yawns
2026-06-02 22:52:22,311 - INFO - Scraped: Twenty Yawns
2026-06-02 22:52:22 - INFO - Scraped: Through the Woods
2026-06-02 22:52:22,312 - INFO - Scraped: Through the Woods
2026-06-02 22:52:22 - INFO - Scraped: This Is Where It Ends
2026-06-02 22:52:22,313 - INFO - Scraped: This Is Where It Ends
2026-06-02 22:52:22 - INFO - Scraped: The Year of Magical Thinking
2026-06-02 22:52:22,314 - INFO - Scraped: The Year of Magical Thinking
2026-06-02 22:52:22 - INFO - Scraped: The Wright Brothers
2026-06-02 22:52:22,315 - INFO - Scraped: The Wright Brothers
2026-06-02 22:52:22 - INFO - Scraped: The White Queen (The Cousins' War #1)
2026-06-02 22:52:22,316 - INFO - Scraped: The White Queen (The Cousins' War #1)
2026-06-02 22:52:22 - INFO - Scraped: The Wedding Pact (The O'Malleys #2)
2026-06-02 22:52:22,317 - INFO - Scraped: The Wedding Pact (The O'Malleys #2)
2026-06-02 22:52:22 - INFO - Scraped: The Time Keeper
2026-06-02 22:52:22,318 - INFO - Scraped: The Time Keeper
2026-06-02 22:52:22 - INFO - Scraped: The Testament of Mary
2026-06-02 22:52:22,319 - INFO - Scraped: The Testament of Mary
2026-06-02 22:52:22 - INFO - Scraped: The Star-Touched Queen
2026-06-02 22:52:22,320 - INFO - Scraped: The Star-Touched Queen
2026-06-02 22:52:22 - INFO - Scraped: The Songs of the Gods
2026-06-02 22:52:22,321 - INFO - Scraped: The Songs of the Gods
2026-06-02 22:52:22 - INFO - Scraped: The Song of Achilles
2026-06-02 22:52:22,323 - INFO - Scraped: The Song of Achilles
2026-06-02 22:52:22 - INFO - Scraped: The Rosie Project (Don Tillman #1)
2026-06-02 22:52:22,324 - INFO - Scraped: The Rosie Project (Don Tillman #1)
2026-06-02 22:52:24 - INFO - Requesting URL: https://books.toscrape.com/catalogue/page-13.html | Status Code: 200
2026-06-02 22:52:24,807 - INFO - Requesting URL: https://books.toscrape.com/catalogue/page-13.html | Status Code: 200
2026-06-02 22:52:24 - INFO - Scraped: The Power of Habit: Why We Do What We Do in Life and Business
2026-06-02 22:52:24,863 - INFO - Scraped: The Power of Habit: Why We Do What We Do in Life and Business
2026-06-02 22:52:24 - INFO - Scraped: The Marriage of Opposites
2026-06-02 22:52:24,864 - INFO - Scraped: The Marriage of Opposites
2026-06-02 22:52:24 - INFO - Scraped: The Lucifer Effect: Understanding How Good People Turn Evil
2026-06-02 22:52:24,865 - INFO - Scraped: The Lucifer Effect: Understanding How Good People Turn Evil
2026-06-02 22:52:24 - INFO - Scraped: The Long Haul (Diary of a Wimpy Kid #9)
2026-06-02 22:52:24,866 - INFO - Scraped: The Long Haul (Diary of a Wimpy Kid #9)
2026-06-02 22:52:24 - INFO - Scraped: The Loney
2026-06-02 22:52:24,867 - INFO - Scraped: The Loney
2026-06-02 22:52:24 - INFO - Scraped: The Literature Book (Big Ideas Simply Explained)
2026-06-02 22:52:24,868 - INFO - Scraped: The Literature Book (Big Ideas Simply Explained)
2026-06-02 22:52:24 - INFO - Scraped: The Last Mile (Amos Decker #2)
2026-06-02 22:52:24,870 - INFO - Scraped: The Last Mile (Amos Decker #2)
2026-06-02 22:52:24 - INFO - Scraped: The Immortal Life of Henrietta Lacks
2026-06-02 22:52:24,871 - INFO - Scraped: The Immortal Life of Henrietta Lacks
2026-06-02 22:52:24 - INFO - Scraped: The Hidden Oracle (The Trials of Apollo #1)
2026-06-02 22:52:24,872 - INFO - Scraped: The Hidden Oracle (The Trials of Apollo #1)
2026-06-02 22:52:24 - INFO - Scraped: The Help Yourself Cookbook for Kids: 60 Easy Plant-Based Recipes Kids Can Make to Stay Healthy and Save the Earth
2026-06-02 22:52:24,873 - INFO - Scraped: The Help Yourself Cookbook for Kids: 60 Easy Plant-Based Recipes Kids Can Make to Stay Healthy and Save the Earth
2026-06-02 22:52:24 - INFO - Scraped: The Guilty (Will Robie #4)
2026-06-02 22:52:24,875 - INFO - Scraped: The Guilty (Will Robie #4)
2026-06-02 22:52:24 - INFO - Scraped: The First Hostage (J.B. Collins #2)
2026-06-02 22:52:24,876 - INFO - Scraped: The First Hostage (J.B. Collins #2)
2026-06-02 22:52:24 - INFO - Scraped: The Dovekeepers
2026-06-02 22:52:24,877 - INFO - Scraped: The Dovekeepers
2026-06-02 22:52:24 - INFO - Scraped: The Darkest Lie
2026-06-02 22:52:24,879 - INFO - Scraped: The Darkest Lie
2026-06-02 22:52:24 - INFO - Scraped: The Bane Chronicles (The Bane Chronicles #1-11)
2026-06-02 22:52:24,882 - INFO - Scraped: The Bane Chronicles (The Bane Chronicles #1-11)
2026-06-02 22:52:24 - INFO - Scraped: The Bad-Ass Librarians of Timbuktu: And Their Race to Save the World’s Most Precious Manuscripts
2026-06-02 22:52:24,883 - INFO - Scraped: The Bad-Ass Librarians of Timbuktu: And Their Race to Save the World’s Most Precious Manuscripts
2026-06-02 22:52:24 - INFO - Scraped: The 14th Colony (Cotton Malone #11)
2026-06-02 22:52:24,885 - INFO - Scraped: The 14th Colony (Cotton Malone #11)
2026-06-02 22:52:24 - INFO - Scraped: That Darkness (Gardiner and Renner #1)
2026-06-02 22:52:24,886 - INFO - Scraped: That Darkness (Gardiner and Renner #1)
2026-06-02 22:52:24 - INFO - Scraped: Tastes Like Fear (DI Marnie Rome #3)
2026-06-02 22:52:24,887 - INFO - Scraped: Tastes Like Fear (DI Marnie Rome #3)
2026-06-02 22:52:24 - INFO - Scraped: Take Me with You
2026-06-02 22:52:24,888 - INFO - Scraped: Take Me with You
2026-06-02 22:52:27 - INFO - Requesting URL: https://books.toscrape.com/catalogue/page-14.html | Status Code: 200
2026-06-02 22:52:27,112 - INFO - Requesting URL: https://books.toscrape.com/catalogue/page-14.html | Status Code: 200
2026-06-02 22:52:27 - INFO - Scraped: Swell: A Year of Waves
2026-06-02 22:52:27,166 - INFO - Scraped: Swell: A Year of Waves
2026-06-02 22:52:27 - INFO - Scraped: Superman Vol. 1: Before Truth (Superman by Gene Luen Yang #1)
2026-06-02 22:52:27,167 - INFO - Scraped: Superman Vol. 1: Before Truth (Superman by Gene Luen Yang #1)
2026-06-02 22:52:27 - INFO - Scraped: Still Life with Bread Crumbs
2026-06-02 22:52:27,169 - INFO - Scraped: Still Life with Bread Crumbs
2026-06-02 22:52:27 - INFO - Scraped: Steve Jobs
2026-06-02 22:52:27,170 - INFO - Scraped: Steve Jobs
2026-06-02 22:52:27 - INFO - Scraped: Sorting the Beef from the Bull: The Science of Food Fraud Forensics
2026-06-02 22:52:27,173 - INFO - Scraped: Sorting the Beef from the Bull: The Science of Food Fraud Forensics
2026-06-02 22:52:27 - INFO - Scraped: Someone Like You (The Harrisons #2)
2026-06-02 22:52:27,175 - INFO - Scraped: Someone Like You (The Harrisons #2)
2026-06-02 22:52:27 - INFO - Scraped: So Cute It Hurts!!, Vol. 6 (So Cute It Hurts!! #6)
2026-06-02 22:52:27,176 - INFO - Scraped: So Cute It Hurts!!, Vol. 6 (So Cute It Hurts!! #6)
2026-06-02 22:52:27 - INFO - Scraped: Shtum
2026-06-02 22:52:27,177 - INFO - Scraped: Shtum
2026-06-02 22:52:27 - INFO - Scraped: See America: A Celebration of Our National Parks & Treasured Sites
2026-06-02 22:52:27,178 - INFO - Scraped: See America: A Celebration of Our National Parks & Treasured Sites
2026-06-02 22:52:27 - INFO - Scraped: salt.
2026-06-02 22:52:27,179 - INFO - Scraped: salt.
2026-06-02 22:52:27 - INFO - Scraped: Robin War
2026-06-02 22:52:27,180 - INFO - Scraped: Robin War
2026-06-02 22:52:27 - INFO - Scraped: Red Hood/Arsenal, Vol. 1: Open for Business (Red Hood/Arsenal #1)
2026-06-02 22:52:27,181 - INFO - Scraped: Red Hood/Arsenal, Vol. 1: Open for Business (Red Hood/Arsenal #1)
2026-06-02 22:52:27 - INFO - Scraped: Rain Fish
2026-06-02 22:52:27,182 - INFO - Scraped: Rain Fish
2026-06-02 22:52:27 - INFO - Scraped: Quarter Life Poetry: Poems for the Young, Broke and Hangry
2026-06-02 22:52:27,183 - INFO - Scraped: Quarter Life Poetry: Poems for the Young, Broke and Hangry
2026-06-02 22:52:27 - INFO - Scraped: Pet Sematary
2026-06-02 22:52:27,184 - INFO - Scraped: Pet Sematary
2026-06-02 22:52:27 - INFO - Scraped: Overload: How to Unplug, Unwind, and Unleash Yourself from the Pressure of Stress
2026-06-02 22:52:27,186 - INFO - Scraped: Overload: How to Unplug, Unwind, and Unleash Yourself from the Pressure of Stress
2026-06-02 22:52:27 - INFO - Scraped: Once Was a Time
2026-06-02 22:52:27,187 - INFO - Scraped: Once Was a Time
2026-06-02 22:52:27 - INFO - Scraped: Old School (Diary of a Wimpy Kid #10)
2026-06-02 22:52:27,188 - INFO - Scraped: Old School (Diary of a Wimpy Kid #10)
2026-06-02 22:52:27 - INFO - Scraped: No Dream Is Too High: Life Lessons From a Man Who Walked on the Moon
2026-06-02 22:52:27,190 - INFO - Scraped: No Dream Is Too High: Life Lessons From a Man Who Walked on the Moon
2026-06-02 22:52:27 - INFO - Scraped: Naruto (3-in-1 Edition), Vol. 14: Includes Vols. 40, 41 & 42 (Naruto: Omnibus #14)
2026-06-02 22:52:27,191 - INFO - Scraped: Naruto (3-in-1 Edition), Vol. 14: Includes Vols. 40, 41 & 42 (Naruto: Omnibus #14)
2026-06-02 22:52:29 - INFO - Requesting URL: https://books.toscrape.com/catalogue/page-15.html | Status Code: 200
2026-06-02 22:52:29,262 - INFO - Requesting URL: https://books.toscrape.com/catalogue/page-15.html | Status Code: 200
2026-06-02 22:52:29 - INFO - Scraped: My Name Is Lucy Barton
2026-06-02 22:52:29,319 - INFO - Scraped: My Name Is Lucy Barton
2026-06-02 22:52:29 - INFO - Scraped: My Mrs. Brown
2026-06-02 22:52:29,320 - INFO - Scraped: My Mrs. Brown
2026-06-02 22:52:29 - INFO - Scraped: My Kind of Crazy
2026-06-02 22:52:29,321 - INFO - Scraped: My Kind of Crazy
2026-06-02 22:52:29 - INFO - Scraped: Mr. Mercedes (Bill Hodges Trilogy #1)
2026-06-02 22:52:29,322 - INFO - Scraped: Mr. Mercedes (Bill Hodges Trilogy #1)
2026-06-02 22:52:29 - INFO - Scraped: More Than Music (Chasing the Dream #1)
2026-06-02 22:52:29,323 - INFO - Scraped: More Than Music (Chasing the Dream #1)
2026-06-02 22:52:29 - INFO - Scraped: Made to Stick: Why Some Ideas Survive and Others Die
2026-06-02 22:52:29,324 - INFO - Scraped: Made to Stick: Why Some Ideas Survive and Others Die
2026-06-02 22:52:29 - INFO - Scraped: Luis Paints the World
2026-06-02 22:52:29,326 - INFO - Scraped: Luis Paints the World
2026-06-02 22:52:29 - INFO - Scraped: Luckiest Girl Alive
2026-06-02 22:52:29,327 - INFO - Scraped: Luckiest Girl Alive
2026-06-02 22:52:29 - INFO - Scraped: Lowriders to the Center of the Earth (Lowriders in Space #2)
2026-06-02 22:52:29,327 - INFO - Scraped: Lowriders to the Center of the Earth (Lowriders in Space #2)
2026-06-02 22:52:29 - INFO - Scraped: Love Is a Mix Tape (Music #1)
2026-06-02 22:52:29,328 - INFO - Scraped: Love Is a Mix Tape (Music #1)
2026-06-02 22:52:29 - INFO - Scraped: Looking for Lovely: Collecting the Moments that Matter
2026-06-02 22:52:29,329 - INFO - Scraped: Looking for Lovely: Collecting the Moments that Matter
2026-06-02 22:52:29 - INFO - Scraped: Living Leadership by Insight: A Good Leader Achieves, a Great Leader Builds Monuments
2026-06-02 22:52:29,330 - INFO - Scraped: Living Leadership by Insight: A Good Leader Achieves, a Great Leader Builds Monuments
2026-06-02 22:52:29 - INFO - Scraped: Let It Out: A Journey Through Journaling
2026-06-02 22:52:29,332 - INFO - Scraped: Let It Out: A Journey Through Journaling
2026-06-02 22:52:29 - INFO - Scraped: Lady Midnight (The Dark Artifices #1)
2026-06-02 22:52:29,333 - INFO - Scraped: Lady Midnight (The Dark Artifices #1)
2026-06-02 22:52:29 - INFO - Scraped: It's All Easy: Healthy, Delicious Weeknight Meals in under 30 Minutes
2026-06-02 22:52:29,334 - INFO - Scraped: It's All Easy: Healthy, Delicious Weeknight Meals in under 30 Minutes
2026-06-02 22:52:29 - INFO - Scraped: Island of Dragons (Unwanteds #7)
2026-06-02 22:52:29,336 - INFO - Scraped: Island of Dragons (Unwanteds #7)
2026-06-02 22:52:29 - INFO - Scraped: I Know What I'm Doing -- and Other Lies I Tell Myself: Dispatches from a Life Under Construction
2026-06-02 22:52:29,337 - INFO - Scraped: I Know What I'm Doing -- and Other Lies I Tell Myself: Dispatches from a Life Under Construction
2026-06-02 22:52:29 - INFO - Scraped: I Am Pilgrim (Pilgrim #1)
2026-06-02 22:52:29,338 - INFO - Scraped: I Am Pilgrim (Pilgrim #1)
2026-06-02 22:52:29 - INFO - Scraped: Hyperbole and a Half: Unfortunate Situations, Flawed Coping Mechanisms, Mayhem, and Other Things That Happened
2026-06-02 22:52:29,339 - INFO - Scraped: Hyperbole and a Half: Unfortunate Situations, Flawed Coping Mechanisms, Mayhem, and Other Things That Happened
2026-06-02 22:52:29 - INFO - Scraped: Hush, Hush (Hush, Hush #1)
2026-06-02 22:52:29,340 - INFO - Scraped: Hush, Hush (Hush, Hush #1)
2026-06-02 22:52:31 - INFO - Requesting URL: https://books.toscrape.com/catalogue/page-16.html | Status Code: 200
2026-06-02 22:52:31,515 - INFO - Requesting URL: https://books.toscrape.com/catalogue/page-16.html | Status Code: 200
2026-06-02 22:52:31 - INFO - Scraped: Hold Your Breath (Search and Rescue #1)
2026-06-02 22:52:31,570 - INFO - Scraped: Hold Your Breath (Search and Rescue #1)
2026-06-02 22:52:31 - INFO - Scraped: Hamilton: The Revolution
2026-06-02 22:52:31,571 - INFO - Scraped: Hamilton: The Revolution
2026-06-02 22:52:31 - INFO - Scraped: Greek Mythic History
2026-06-02 22:52:31,572 - INFO - Scraped: Greek Mythic History
2026-06-02 22:52:31 - INFO - Scraped: God: The Most Unpleasant Character in All Fiction
2026-06-02 22:52:31,573 - INFO - Scraped: God: The Most Unpleasant Character in All Fiction
2026-06-02 22:52:31 - INFO - Scraped: Glory over Everything: Beyond The Kitchen House
2026-06-02 22:52:31,574 - INFO - Scraped: Glory over Everything: Beyond The Kitchen House
2026-06-02 22:52:31 - INFO - Scraped: Feathers: Displays of Brilliant Plumage
2026-06-02 22:52:31,575 - INFO - Scraped: Feathers: Displays of Brilliant Plumage
2026-06-02 22:52:31 - INFO - Scraped: Far & Away: Places on the Brink of Change: Seven Continents, Twenty-Five Years
2026-06-02 22:52:31,576 - INFO - Scraped: Far & Away: Places on the Brink of Change: Seven Continents, Twenty-Five Years
2026-06-02 22:52:31 - INFO - Scraped: Every Last Word
2026-06-02 22:52:31,577 - INFO - Scraped: Every Last Word
2026-06-02 22:52:31 - INFO - Scraped: Eligible (The Austen Project #4)
2026-06-02 22:52:31,579 - INFO - Scraped: Eligible (The Austen Project #4)
2026-06-02 22:52:31 - INFO - Scraped: El Deafo
2026-06-02 22:52:31,580 - INFO - Scraped: El Deafo
2026-06-02 22:52:31 - INFO - Scraped: Eight Hundred Grapes
2026-06-02 22:52:31,581 - INFO - Scraped: Eight Hundred Grapes
2026-06-02 22:52:31 - INFO - Scraped: Eaternity: More than 150 Deliciously Easy Vegan Recipes for a Long, Healthy, Satisfied, Joyful Life
2026-06-02 22:52:31,582 - INFO - Scraped: Eaternity: More than 150 Deliciously Easy Vegan Recipes for a Long, Healthy, Satisfied, Joyful Life
2026-06-02 22:52:31 - INFO - Scraped: Eat Fat, Get Thin
2026-06-02 22:52:31,583 - INFO - Scraped: Eat Fat, Get Thin
2026-06-02 22:52:31 - INFO - Scraped: Don't Get Caught
2026-06-02 22:52:31,585 - INFO - Scraped: Don't Get Caught
2026-06-02 22:52:31 - INFO - Scraped: Doctor Sleep (The Shining #2)
2026-06-02 22:52:31,588 - INFO - Scraped: Doctor Sleep (The Shining #2)
2026-06-02 22:52:31 - INFO - Scraped: Demigods & Magicians: Percy and Annabeth Meet the Kanes (Percy Jackson & Kane Chronicles Crossover #1-3)
2026-06-02 22:52:31,590 - INFO - Scraped: Demigods & Magicians: Percy and Annabeth Meet the Kanes (Percy Jackson & Kane Chronicles Crossover #1-3)
2026-06-02 22:52:31 - INFO - Scraped: Dear Mr. Knightley
2026-06-02 22:52:31,591 - INFO - Scraped: Dear Mr. Knightley
2026-06-02 22:52:31 - INFO - Scraped: Daily Fantasy Sports
2026-06-02 22:52:31,593 - INFO - Scraped: Daily Fantasy Sports
2026-06-02 22:52:31 - INFO - Scraped: Crazy Love: Overwhelmed by a Relentless God
2026-06-02 22:52:31,594 - INFO - Scraped: Crazy Love: Overwhelmed by a Relentless God
2026-06-02 22:52:31 - INFO - Scraped: Cometh the Hour (The Clifton Chronicles #6)
2026-06-02 22:52:31,595 - INFO - Scraped: Cometh the Hour (The Clifton Chronicles #6)
2026-06-02 22:52:33 - INFO - Requesting URL: https://books.toscrape.com/catalogue/page-17.html | Status Code: 200
2026-06-02 22:52:33,835 - INFO - Requesting URL: https://books.toscrape.com/catalogue/page-17.html | Status Code: 200
2026-06-02 22:52:33 - INFO - Scraped: Code Name Verity (Code Name Verity #1)
2026-06-02 22:52:33,891 - INFO - Scraped: Code Name Verity (Code Name Verity #1)
2026-06-02 22:52:33 - INFO - Scraped: Clockwork Angel (The Infernal Devices #1)
2026-06-02 22:52:33,892 - INFO - Scraped: Clockwork Angel (The Infernal Devices #1)
2026-06-02 22:52:33 - INFO - Scraped: City of Glass (The Mortal Instruments #3)
2026-06-02 22:52:33,893 - INFO - Scraped: City of Glass (The Mortal Instruments #3)
2026-06-02 22:52:33 - INFO - Scraped: City of Fallen Angels (The Mortal Instruments #4)
2026-06-02 22:52:33,894 - INFO - Scraped: City of Fallen Angels (The Mortal Instruments #4)
2026-06-02 22:52:33 - INFO - Scraped: City of Bones (The Mortal Instruments #1)
2026-06-02 22:52:33,895 - INFO - Scraped: City of Bones (The Mortal Instruments #1)
2026-06-02 22:52:33 - INFO - Scraped: City of Ashes (The Mortal Instruments #2)
2026-06-02 22:52:33,896 - INFO - Scraped: City of Ashes (The Mortal Instruments #2)
2026-06-02 22:52:33 - INFO - Scraped: Cell
2026-06-02 22:52:33,897 - INFO - Scraped: Cell
2026-06-02 22:52:33 - INFO - Scraped: Catching Jordan (Hundred Oaks)
2026-06-02 22:52:33,898 - INFO - Scraped: Catching Jordan (Hundred Oaks)
2026-06-02 22:52:33 - INFO - Scraped: Carry On, Warrior: Thoughts on Life Unarmed
2026-06-02 22:52:33,899 - INFO - Scraped: Carry On, Warrior: Thoughts on Life Unarmed
2026-06-02 22:52:33 - INFO - Scraped: Carrie
2026-06-02 22:52:33,900 - INFO - Scraped: Carrie
2026-06-02 22:52:33 - INFO - Scraped: Buying In: The Secret Dialogue Between What We Buy and Who We Are
2026-06-02 22:52:33,901 - INFO - Scraped: Buying In: The Secret Dialogue Between What We Buy and Who We Are
2026-06-02 22:52:33 - INFO - Scraped: Brain on Fire: My Month of Madness
2026-06-02 22:52:33,903 - INFO - Scraped: Brain on Fire: My Month of Madness
2026-06-02 22:52:33 - INFO - Scraped: Batman: Europa
2026-06-02 22:52:33,904 - INFO - Scraped: Batman: Europa
2026-06-02 22:52:33 - INFO - Scraped: Barefoot Contessa Back to Basics
2026-06-02 22:52:33,905 - INFO - Scraped: Barefoot Contessa Back to Basics
2026-06-02 22:52:33 - INFO - Scraped: Barefoot Contessa at Home: Everyday Recipes You'll Make Over and Over Again
2026-06-02 22:52:33,906 - INFO - Scraped: Barefoot Contessa at Home: Everyday Recipes You'll Make Over and Over Again
2026-06-02 22:52:33 - INFO - Scraped: Balloon Animals
2026-06-02 22:52:33,907 - INFO - Scraped: Balloon Animals
2026-06-02 22:52:33 - INFO - Scraped: Art Ops Vol. 1
2026-06-02 22:52:33,911 - INFO - Scraped: Art Ops Vol. 1
2026-06-02 22:52:33 - INFO - Scraped: Aristotle and Dante Discover the Secrets of the Universe (Aristotle and Dante Discover the Secrets of the Universe #1)
2026-06-02 22:52:33,913 - INFO - Scraped: Aristotle and Dante Discover the Secrets of the Universe (Aristotle and Dante Discover the Secrets of the Universe #1)
2026-06-02 22:52:33 - INFO - Scraped: Angels Walking (Angels Walking #1)
2026-06-02 22:52:33,914 - INFO - Scraped: Angels Walking (Angels Walking #1)
2026-06-02 22:52:33 - INFO - Scraped: Angels & Demons (Robert Langdon #1)
2026-06-02 22:52:33,916 - INFO - Scraped: Angels & Demons (Robert Langdon #1)
2026-06-02 22:52:35 - INFO - Requesting URL: https://books.toscrape.com/catalogue/page-18.html | Status Code: 200
2026-06-02 22:52:35,834 - INFO - Requesting URL: https://books.toscrape.com/catalogue/page-18.html | Status Code: 200
2026-06-02 22:52:35 - INFO - Scraped: All the Light We Cannot See
2026-06-02 22:52:35,890 - INFO - Scraped: All the Light We Cannot See
2026-06-02 22:52:35 - INFO - Scraped: Adulthood Is a Myth: A "Sarah's Scribbles" Collection
2026-06-02 22:52:35,891 - INFO - Scraped: Adulthood Is a Myth: A "Sarah's Scribbles" Collection
2026-06-02 22:52:35 - INFO - Scraped: Abstract City
2026-06-02 22:52:35,892 - INFO - Scraped: Abstract City
2026-06-02 22:52:35 - INFO - Scraped: A Time of Torment (Charlie Parker #14)
2026-06-02 22:52:35,893 - INFO - Scraped: A Time of Torment (Charlie Parker #14)
2026-06-02 22:52:35 - INFO - Scraped: A Study in Scarlet (Sherlock Holmes #1)
2026-06-02 22:52:35,894 - INFO - Scraped: A Study in Scarlet (Sherlock Holmes #1)
2026-06-02 22:52:35 - INFO - Scraped: A Series of Catastrophes and Miracles: A True Story of Love, Science, and Cancer
2026-06-02 22:52:35,895 - INFO - Scraped: A Series of Catastrophes and Miracles: A True Story of Love, Science, and Cancer
2026-06-02 22:52:35 - INFO - Scraped: A People's History of the United States
2026-06-02 22:52:35,897 - INFO - Scraped: A People's History of the United States
2026-06-02 22:52:35 - INFO - Scraped: A Man Called Ove
2026-06-02 22:52:35,898 - INFO - Scraped: A Man Called Ove
2026-06-02 22:52:35 - INFO - Scraped: A Distant Mirror: The Calamitous 14th Century
2026-06-02 22:52:35,900 - INFO - Scraped: A Distant Mirror: The Calamitous 14th Century
2026-06-02 22:52:35 - INFO - Scraped: A Brush of Wings (Angels Walking #3)
2026-06-02 22:52:35,901 - INFO - Scraped: A Brush of Wings (Angels Walking #3)
2026-06-02 22:52:35 - INFO - Scraped: 1491: New Revelations of the Americas Before Columbus
2026-06-02 22:52:35,902 - INFO - Scraped: 1491: New Revelations of the Americas Before Columbus
2026-06-02 22:52:35 - INFO - Scraped: The Three Searches, Meaning, and the Story
2026-06-02 22:52:35,903 - INFO - Scraped: The Three Searches, Meaning, and the Story
2026-06-02 22:52:35 - INFO - Scraped: Searching for Meaning in Gailana
2026-06-02 22:52:35,904 - INFO - Scraped: Searching for Meaning in Gailana
2026-06-02 22:52:35 - INFO - Scraped: Rook
2026-06-02 22:52:35,907 - INFO - Scraped: Rook
2026-06-02 22:52:35 - INFO - Scraped: My Kitchen Year: 136 Recipes That Saved My Life
2026-06-02 22:52:35,909 - INFO - Scraped: My Kitchen Year: 136 Recipes That Saved My Life
2026-06-02 22:52:35 - INFO - Scraped: 13 Hours: The Inside Account of What Really Happened In Benghazi
2026-06-02 22:52:35,911 - INFO - Scraped: 13 Hours: The Inside Account of What Really Happened In Benghazi
2026-06-02 22:52:35 - INFO - Scraped: Will You Won't You Want Me?
2026-06-02 22:52:35,912 - INFO - Scraped: Will You Won't You Want Me?
2026-06-02 22:52:35 - INFO - Scraped: Tipping Point for Planet Earth: How Close Are We to the Edge?
2026-06-02 22:52:35,913 - INFO - Scraped: Tipping Point for Planet Earth: How Close Are We to the Edge?
2026-06-02 22:52:35 - INFO - Scraped: The Star-Touched Queen
2026-06-02 22:52:35,915 - INFO - Scraped: The Star-Touched Queen
2026-06-02 22:52:35 - INFO - Scraped: The Silent Sister (Riley MacPherson #1)
2026-06-02 22:52:35,918 - INFO - Scraped: The Silent Sister (Riley MacPherson #1)
2026-06-02 22:52:37 - INFO - Requesting URL: https://books.toscrape.com/catalogue/page-19.html | Status Code: 200
2026-06-02 22:52:37,992 - INFO - Requesting URL: https://books.toscrape.com/catalogue/page-19.html | Status Code: 200
2026-06-02 22:52:38 - INFO - Scraped: The Midnight Watch: A Novel of the Titanic and the Californian
2026-06-02 22:52:38,048 - INFO - Scraped: The Midnight Watch: A Novel of the Titanic and the Californian
2026-06-02 22:52:38 - INFO - Scraped: The Lonely City: Adventures in the Art of Being Alone
2026-06-02 22:52:38,049 - INFO - Scraped: The Lonely City: Adventures in the Art of Being Alone
2026-06-02 22:52:38 - INFO - Scraped: The Gray Rhino: How to Recognize and Act on the Obvious Dangers We Ignore
2026-06-02 22:52:38,050 - INFO - Scraped: The Gray Rhino: How to Recognize and Act on the Obvious Dangers We Ignore
2026-06-02 22:52:38 - INFO - Scraped: The Golden Condom: And Other Essays on Love Lost and Found
2026-06-02 22:52:38,051 - INFO - Scraped: The Golden Condom: And Other Essays on Love Lost and Found
2026-06-02 22:52:38 - INFO - Scraped: The Epidemic (The Program 0.6)
2026-06-02 22:52:38,052 - INFO - Scraped: The Epidemic (The Program 0.6)
2026-06-02 22:52:38 - INFO - Scraped: The Dinner Party
2026-06-02 22:52:38,054 - INFO - Scraped: The Dinner Party
2026-06-02 22:52:38 - INFO - Scraped: The Diary of a Young Girl
2026-06-02 22:52:38,055 - INFO - Scraped: The Diary of a Young Girl
2026-06-02 22:52:38 - INFO - Scraped: The Children
2026-06-02 22:52:38,056 - INFO - Scraped: The Children
2026-06-02 22:52:38 - INFO - Scraped: Stars Above (The Lunar Chronicles #4.5)
2026-06-02 22:52:38,058 - INFO - Scraped: Stars Above (The Lunar Chronicles #4.5)
2026-06-02 22:52:38 - INFO - Scraped: Snatched: How A Drug Queen Went Undercover for the DEA and Was Kidnapped By Colombian Guerillas
2026-06-02 22:52:38,059 - INFO - Scraped: Snatched: How A Drug Queen Went Undercover for the DEA and Was Kidnapped By Colombian Guerillas
2026-06-02 22:52:38 - INFO - Scraped: Raspberry Pi Electronics Projects for the Evil Genius
2026-06-02 22:52:38,061 - INFO - Scraped: Raspberry Pi Electronics Projects for the Evil Genius
2026-06-02 22:52:38 - INFO - Scraped: Quench Your Own Thirst: Business Lessons Learned Over a Beer or Two
2026-06-02 22:52:38,062 - INFO - Scraped: Quench Your Own Thirst: Business Lessons Learned Over a Beer or Two
2026-06-02 22:52:38 - INFO - Scraped: Psycho: Sanitarium (Psycho #1.5)
2026-06-02 22:52:38,065 - INFO - Scraped: Psycho: Sanitarium (Psycho #1.5)
2026-06-02 22:52:38 - INFO - Scraped: Poisonous (Max Revere Novels #3)
2026-06-02 22:52:38,068 - INFO - Scraped: Poisonous (Max Revere Novels #3)
2026-06-02 22:52:38 - INFO - Scraped: One with You (Crossfire #5)
2026-06-02 22:52:38,070 - INFO - Scraped: One with You (Crossfire #5)
2026-06-02 22:52:38 - INFO - Scraped: No Love Allowed (Dodge Cove #1)
2026-06-02 22:52:38,071 - INFO - Scraped: No Love Allowed (Dodge Cove #1)
2026-06-02 22:52:38 - INFO - Scraped: Murder at the 42nd Street Library (Raymond Ambler #1)
2026-06-02 22:52:38,072 - INFO - Scraped: Murder at the 42nd Street Library (Raymond Ambler #1)
2026-06-02 22:52:38 - INFO - Scraped: Most Wanted
2026-06-02 22:52:38,074 - INFO - Scraped: Most Wanted
2026-06-02 22:52:38 - INFO - Scraped: Love, Lies and Spies
2026-06-02 22:52:38,105 - INFO - Scraped: Love, Lies and Spies
2026-06-02 22:52:38 - INFO - Scraped: How to Speak Golf: An Illustrated Guide to Links Lingo
2026-06-02 22:52:38,116 - INFO - Scraped: How to Speak Golf: An Illustrated Guide to Links Lingo
2026-06-02 22:52:40 - INFO - Requesting URL: https://books.toscrape.com/catalogue/page-20.html | Status Code: 200
2026-06-02 22:52:40,075 - INFO - Requesting URL: https://books.toscrape.com/catalogue/page-20.html | Status Code: 200
2026-06-02 22:52:40 - INFO - Scraped: Hide Away (Eve Duncan #20)
2026-06-02 22:52:40,130 - INFO - Scraped: Hide Away (Eve Duncan #20)
2026-06-02 22:52:40 - INFO - Scraped: Furiously Happy: A Funny Book About Horrible Things
2026-06-02 22:52:40,132 - INFO - Scraped: Furiously Happy: A Funny Book About Horrible Things
2026-06-02 22:52:40 - INFO - Scraped: Everyday Italian: 125 Simple and Delicious Recipes
2026-06-02 22:52:40,133 - INFO - Scraped: Everyday Italian: 125 Simple and Delicious Recipes
2026-06-02 22:52:40 - INFO - Scraped: Equal Is Unfair: America's Misguided Fight Against Income Inequality
2026-06-02 22:52:40,134 - INFO - Scraped: Equal Is Unfair: America's Misguided Fight Against Income Inequality
2026-06-02 22:52:40 - INFO - Scraped: Eleanor & Park
2026-06-02 22:52:40,135 - INFO - Scraped: Eleanor & Park
2026-06-02 22:52:40 - INFO - Scraped: Dirty (Dive Bar #1)
2026-06-02 22:52:40,136 - INFO - Scraped: Dirty (Dive Bar #1)
2026-06-02 22:52:40 - INFO - Scraped: Can You Keep a Secret? (Fear Street Relaunch #4)
2026-06-02 22:52:40,138 - INFO - Scraped: Can You Keep a Secret? (Fear Street Relaunch #4)
2026-06-02 22:52:40 - INFO - Scraped: Boar Island (Anna Pigeon #19)
2026-06-02 22:52:40,139 - INFO - Scraped: Boar Island (Anna Pigeon #19)
2026-06-02 22:52:40 - INFO - Scraped: A Paris Apartment
2026-06-02 22:52:40,140 - INFO - Scraped: A Paris Apartment
2026-06-02 22:52:40 - INFO - Scraped: A la Mode: 120 Recipes in 60 Pairings: Pies, Tarts, Cakes, Crisps, and More Topped with Ice Cream, Gelato, Frozen Custard, and More
2026-06-02 22:52:40,141 - INFO - Scraped: A la Mode: 120 Recipes in 60 Pairings: Pies, Tarts, Cakes, Crisps, and More Topped with Ice Cream, Gelato, Frozen Custard, and More
2026-06-02 22:52:40 - INFO - Scraped: Troublemaker: Surviving Hollywood and Scientology
2026-06-02 22:52:40,142 - INFO - Scraped: Troublemaker: Surviving Hollywood and Scientology
2026-06-02 22:52:40 - INFO - Scraped: The Widow
2026-06-02 22:52:40,144 - INFO - Scraped: The Widow
2026-06-02 22:52:40 - INFO - Scraped: The Sleep Revolution: Transforming Your Life, One Night at a Time
2026-06-02 22:52:40,145 - INFO - Scraped: The Sleep Revolution: Transforming Your Life, One Night at a Time
2026-06-02 22:52:40 - INFO - Scraped: The Improbability of Love
2026-06-02 22:52:40,147 - INFO - Scraped: The Improbability of Love
2026-06-02 22:52:40 - INFO - Scraped: The Art of Startup Fundraising
2026-06-02 22:52:40,148 - INFO - Scraped: The Art of Startup Fundraising
2026-06-02 22:52:40 - INFO - Scraped: Take Me Home Tonight (Rock Star Romance #3)
2026-06-02 22:52:40,149 - INFO - Scraped: Take Me Home Tonight (Rock Star Romance #3)
2026-06-02 22:52:40 - INFO - Scraped: Sleeping Giants (Themis Files #1)
2026-06-02 22:52:40,151 - INFO - Scraped: Sleeping Giants (Themis Files #1)
2026-06-02 22:52:40 - INFO - Scraped: Setting the World on Fire: The Brief, Astonishing Life of St. Catherine of Siena
2026-06-02 22:52:40,154 - INFO - Scraped: Setting the World on Fire: The Brief, Astonishing Life of St. Catherine of Siena
2026-06-02 22:52:40 - INFO - Scraped: Playing with Fire
2026-06-02 22:52:40,155 - INFO - Scraped: Playing with Fire
2026-06-02 22:52:40 - INFO - Scraped: Off the Hook (Fishing for Trouble #1)
2026-06-02 22:52:40,156 - INFO - Scraped: Off the Hook (Fishing for Trouble #1)
2026-06-02 22:52:42 - INFO - Requesting URL: https://books.toscrape.com/catalogue/page-21.html | Status Code: 200
2026-06-02 22:52:42,118 - INFO - Requesting URL: https://books.toscrape.com/catalogue/page-21.html | Status Code: 200
2026-06-02 22:52:42 - INFO - Scraped: Mothering Sunday
2026-06-02 22:52:42,174 - INFO - Scraped: Mothering Sunday
2026-06-02 22:52:42 - INFO - Scraped: Mother, Can You Not?
2026-06-02 22:52:42,175 - INFO - Scraped: Mother, Can You Not?
2026-06-02 22:52:42 - INFO - Scraped: M Train
2026-06-02 22:52:42,176 - INFO - Scraped: M Train
2026-06-02 22:52:42 - INFO - Scraped: Lilac Girls
2026-06-02 22:52:42,177 - INFO - Scraped: Lilac Girls
2026-06-02 22:52:42 - INFO - Scraped: Lies and Other Acts of Love
2026-06-02 22:52:42,178 - INFO - Scraped: Lies and Other Acts of Love
2026-06-02 22:52:42 - INFO - Scraped: Lab Girl
2026-06-02 22:52:42,179 - INFO - Scraped: Lab Girl
2026-06-02 22:52:42 - INFO - Scraped: Keep Me Posted
2026-06-02 22:52:42,181 - INFO - Scraped: Keep Me Posted
2026-06-02 22:52:42 - INFO - Scraped: It Didn't Start with You: How Inherited Family Trauma Shapes Who We Are and How to End the Cycle
2026-06-02 22:52:42,182 - INFO - Scraped: It Didn't Start with You: How Inherited Family Trauma Shapes Who We Are and How to End the Cycle
2026-06-02 22:52:42 - INFO - Scraped: Grey (Fifty Shades #4)
2026-06-02 22:52:42,183 - INFO - Scraped: Grey (Fifty Shades #4)
2026-06-02 22:52:42 - INFO - Scraped: Exit, Pursued by a Bear
2026-06-02 22:52:42,184 - INFO - Scraped: Exit, Pursued by a Bear
2026-06-02 22:52:42 - INFO - Scraped: Daredevils
2026-06-02 22:52:42,185 - INFO - Scraped: Daredevils
2026-06-02 22:52:42 - INFO - Scraped: Cravings: Recipes for What You Want to Eat
2026-06-02 22:52:42,187 - INFO - Scraped: Cravings: Recipes for What You Want to Eat
2026-06-02 22:52:42 - INFO - Scraped: Born for This: How to Find the Work You Were Meant to Do
2026-06-02 22:52:42,188 - INFO - Scraped: Born for This: How to Find the Work You Were Meant to Do
2026-06-02 22:52:42 - INFO - Scraped: Arena
2026-06-02 22:52:42,189 - INFO - Scraped: Arena
2026-06-02 22:52:42 - INFO - Scraped: Adultery
2026-06-02 22:52:42,190 - INFO - Scraped: Adultery
2026-06-02 22:52:42 - INFO - Scraped: A Mother's Reckoning: Living in the Aftermath of Tragedy
2026-06-02 22:52:42,191 - INFO - Scraped: A Mother's Reckoning: Living in the Aftermath of Tragedy
2026-06-02 22:52:42 - INFO - Scraped: A Gentleman's Position (Society of Gentlemen #3)
2026-06-02 22:52:42,193 - INFO - Scraped: A Gentleman's Position (Society of Gentlemen #3)
2026-06-02 22:52:42 - INFO - Scraped: 11/22/63
2026-06-02 22:52:42,194 - INFO - Scraped: 11/22/63
2026-06-02 22:52:42 - INFO - Scraped: 10% Happier: How I Tamed the Voice in My Head, Reduced Stress Without Losing My Edge, and Found Self-Help That Actually Works
2026-06-02 22:52:42,195 - INFO - Scraped: 10% Happier: How I Tamed the Voice in My Head, Reduced Stress Without Losing My Edge, and Found Self-Help That Actually Works
2026-06-02 22:52:42 - INFO - Scraped: 10-Day Green Smoothie Cleanse: Lose Up to 15 Pounds in 10 Days!
2026-06-02 22:52:42,196 - INFO - Scraped: 10-Day Green Smoothie Cleanse: Lose Up to 15 Pounds in 10 Days!
2026-06-02 22:52:44 - INFO - Requesting URL: https://books.toscrape.com/catalogue/page-22.html | Status Code: 200
2026-06-02 22:52:44,173 - INFO - Requesting URL: https://books.toscrape.com/catalogue/page-22.html | Status Code: 200
2026-06-02 22:52:44 - INFO - Scraped: Without Shame
2026-06-02 22:52:44,228 - INFO - Scraped: Without Shame
2026-06-02 22:52:44 - INFO - Scraped: Watchmen
2026-06-02 22:52:44,229 - INFO - Scraped: Watchmen
2026-06-02 22:52:44 - INFO - Scraped: Unlimited Intuition Now
2026-06-02 22:52:44,230 - INFO - Scraped: Unlimited Intuition Now
2026-06-02 22:52:44 - INFO - Scraped: Underlying Notes
2026-06-02 22:52:44,231 - INFO - Scraped: Underlying Notes
2026-06-02 22:52:44 - INFO - Scraped: The Shack
2026-06-02 22:52:44,232 - INFO - Scraped: The Shack
2026-06-02 22:52:44 - INFO - Scraped: The New Brand You: Your New Image Makes the Sale for You
2026-06-02 22:52:44,233 - INFO - Scraped: The New Brand You: Your New Image Makes the Sale for You
2026-06-02 22:52:44 - INFO - Scraped: The Moosewood Cookbook: Recipes from Moosewood Restaurant, Ithaca, New York
2026-06-02 22:52:44,235 - INFO - Scraped: The Moosewood Cookbook: Recipes from Moosewood Restaurant, Ithaca, New York
2026-06-02 22:52:44 - INFO - Scraped: The Flowers Lied
2026-06-02 22:52:44,236 - INFO - Scraped: The Flowers Lied
2026-06-02 22:52:44 - INFO - Scraped: The Fabric of the Cosmos: Space, Time, and the Texture of Reality
2026-06-02 22:52:44,238 - INFO - Scraped: The Fabric of the Cosmos: Space, Time, and the Texture of Reality
2026-06-02 22:52:44 - INFO - Scraped: The Book of Mormon
2026-06-02 22:52:44,239 - INFO - Scraped: The Book of Mormon
2026-06-02 22:52:44 - INFO - Scraped: The Art and Science of Low Carbohydrate Living
2026-06-02 22:52:44,241 - INFO - Scraped: The Art and Science of Low Carbohydrate Living
2026-06-02 22:52:44 - INFO - Scraped: The Alien Club
2026-06-02 22:52:44,242 - INFO - Scraped: The Alien Club
2026-06-02 22:52:44 - INFO - Scraped: Suzie Snowflake: One beautiful flake (a self-esteem story)
2026-06-02 22:52:44,244 - INFO - Scraped: Suzie Snowflake: One beautiful flake (a self-esteem story)
2026-06-02 22:52:44 - INFO - Scraped: Nap-a-Roo
2026-06-02 22:52:44,247 - INFO - Scraped: Nap-a-Roo
2026-06-02 22:52:44 - INFO - Scraped: NaNo What Now? Finding your editing process, revising your NaNoWriMo book and building a writing career through publishing and beyond
2026-06-02 22:52:44,248 - INFO - Scraped: NaNo What Now? Finding your editing process, revising your NaNoWriMo book and building a writing career through publishing and beyond
2026-06-02 22:52:44 - INFO - Scraped: Modern Day Fables
2026-06-02 22:52:44,250 - INFO - Scraped: Modern Day Fables
2026-06-02 22:52:44 - INFO - Scraped: If I Gave You God's Phone Number....: Searching for Spirituality in America
2026-06-02 22:52:44,251 - INFO - Scraped: If I Gave You God's Phone Number....: Searching for Spirituality in America
2026-06-02 22:52:44 - INFO - Scraped: Fruits Basket, Vol. 9 (Fruits Basket #9)
2026-06-02 22:52:44,252 - INFO - Scraped: Fruits Basket, Vol. 9 (Fruits Basket #9)
2026-06-02 22:52:44 - INFO - Scraped: Dress Your Family in Corduroy and Denim
2026-06-02 22:52:44,254 - INFO - Scraped: Dress Your Family in Corduroy and Denim
2026-06-02 22:52:44 - INFO - Scraped: Don't Forget Steven
2026-06-02 22:52:44,257 - INFO - Scraped: Don't Forget Steven
2026-06-02 22:52:46 - INFO - Requesting URL: https://books.toscrape.com/catalogue/page-23.html | Status Code: 200
2026-06-02 22:52:46,115 - INFO - Requesting URL: https://books.toscrape.com/catalogue/page-23.html | Status Code: 200
2026-06-02 22:52:46 - INFO - Scraped: Chernobyl 01:23:40: The Incredible True Story of the World's Worst Nuclear Disaster
2026-06-02 22:52:46,170 - INFO - Scraped: Chernobyl 01:23:40: The Incredible True Story of the World's Worst Nuclear Disaster
2026-06-02 22:52:46 - INFO - Scraped: Art and Fear: Observations on the Perils (and Rewards) of Artmaking
2026-06-02 22:52:46,171 - INFO - Scraped: Art and Fear: Observations on the Perils (and Rewards) of Artmaking
2026-06-02 22:52:46 - INFO - Scraped: A Shard of Ice (The Black Symphony Saga #1)
2026-06-02 22:52:46,172 - INFO - Scraped: A Shard of Ice (The Black Symphony Saga #1)
2026-06-02 22:52:46 - INFO - Scraped: A Hero's Curse (The Unseen Chronicles #1)
2026-06-02 22:52:46,173 - INFO - Scraped: A Hero's Curse (The Unseen Chronicles #1)
2026-06-02 22:52:46 - INFO - Scraped: 23 Degrees South: A Tropical Tale of Changing Whether...
2026-06-02 22:52:46,174 - INFO - Scraped: 23 Degrees South: A Tropical Tale of Changing Whether...
2026-06-02 22:52:46 - INFO - Scraped: Zero to One: Notes on Startups, or How to Build the Future
2026-06-02 22:52:46,175 - INFO - Scraped: Zero to One: Notes on Startups, or How to Build the Future
2026-06-02 22:52:46 - INFO - Scraped: Why Not Me?
2026-06-02 22:52:46,177 - INFO - Scraped: Why Not Me?
2026-06-02 22:52:46 - INFO - Scraped: When Breath Becomes Air
2026-06-02 22:52:46,178 - INFO - Scraped: When Breath Becomes Air
2026-06-02 22:52:46 - INFO - Scraped: Vagabonding: An Uncommon Guide to the Art of Long-Term World Travel
2026-06-02 22:52:46,179 - INFO - Scraped: Vagabonding: An Uncommon Guide to the Art of Long-Term World Travel
2026-06-02 22:52:46 - INFO - Scraped: The Unlikely Pilgrimage of Harold Fry (Harold Fry #1)
2026-06-02 22:52:46,181 - INFO - Scraped: The Unlikely Pilgrimage of Harold Fry (Harold Fry #1)
2026-06-02 22:52:46 - INFO - Scraped: The New Drawing on the Right Side of the Brain
2026-06-02 22:52:46,182 - INFO - Scraped: The New Drawing on the Right Side of the Brain
2026-06-02 22:52:46 - INFO - Scraped: The Midnight Assassin: Panic, Scandal, and the Hunt for America's First Serial Killer
2026-06-02 22:52:46,185 - INFO - Scraped: The Midnight Assassin: Panic, Scandal, and the Hunt for America's First Serial Killer
2026-06-02 22:52:46 - INFO - Scraped: The Martian (The Martian #1)
2026-06-02 22:52:46,188 - INFO - Scraped: The Martian (The Martian #1)
2026-06-02 22:52:46 - INFO - Scraped: The High Mountains of Portugal
2026-06-02 22:52:46,190 - INFO - Scraped: The High Mountains of Portugal
2026-06-02 22:52:46 - INFO - Scraped: The Grownup
2026-06-02 22:52:46,192 - INFO - Scraped: The Grownup
2026-06-02 22:52:46 - INFO - Scraped: The E-Myth Revisited: Why Most Small Businesses Don't Work and What to Do About It
2026-06-02 22:52:46,193 - INFO - Scraped: The E-Myth Revisited: Why Most Small Businesses Don't Work and What to Do About It
2026-06-02 22:52:46 - INFO - Scraped: South of Sunshine
2026-06-02 22:52:46,194 - INFO - Scraped: South of Sunshine
2026-06-02 22:52:46 - INFO - Scraped: Smarter Faster Better: The Secrets of Being Productive in Life and Business
2026-06-02 22:52:46,195 - INFO - Scraped: Smarter Faster Better: The Secrets of Being Productive in Life and Business
2026-06-02 22:52:46 - INFO - Scraped: Silence in the Dark (Logan Point #4)
2026-06-02 22:52:46,196 - INFO - Scraped: Silence in the Dark (Logan Point #4)
2026-06-02 22:52:46 - INFO - Scraped: Shadows of the Past (Logan Point #1)
2026-06-02 22:52:46,198 - INFO - Scraped: Shadows of the Past (Logan Point #1)
2026-06-02 22:52:48 - INFO - Requesting URL: https://books.toscrape.com/catalogue/page-24.html | Status Code: 200
2026-06-02 22:52:48,111 - INFO - Requesting URL: https://books.toscrape.com/catalogue/page-24.html | Status Code: 200
2026-06-02 22:52:48 - INFO - Scraped: Roller Girl
2026-06-02 22:52:48,168 - INFO - Scraped: Roller Girl
2026-06-02 22:52:48 - INFO - Scraped: Rising Strong
2026-06-02 22:52:48,169 - INFO - Scraped: Rising Strong
2026-06-02 22:52:48 - INFO - Scraped: Proofs of God: Classical Arguments from Tertullian to Barth
2026-06-02 22:52:48,170 - INFO - Scraped: Proofs of God: Classical Arguments from Tertullian to Barth
2026-06-02 22:52:48 - INFO - Scraped: Please Kill Me: The Uncensored Oral History of Punk
2026-06-02 22:52:48,171 - INFO - Scraped: Please Kill Me: The Uncensored Oral History of Punk
2026-06-02 22:52:48 - INFO - Scraped: Out of Print: City Lights Spotlight No. 14
2026-06-02 22:52:48,172 - INFO - Scraped: Out of Print: City Lights Spotlight No. 14
2026-06-02 22:52:48 - INFO - Scraped: My Life Next Door (My Life Next Door )
2026-06-02 22:52:48,173 - INFO - Scraped: My Life Next Door (My Life Next Door )
2026-06-02 22:52:48 - INFO - Scraped: Miller's Valley
2026-06-02 22:52:48,174 - INFO - Scraped: Miller's Valley
2026-06-02 22:52:48 - INFO - Scraped: Man's Search for Meaning
2026-06-02 22:52:48,176 - INFO - Scraped: Man's Search for Meaning
2026-06-02 22:52:48 - INFO - Scraped: Love That Boy: What Two Presidents, Eight Road Trips, and My Son Taught Me About a Parent's Expectations
2026-06-02 22:52:48,176 - INFO - Scraped: Love That Boy: What Two Presidents, Eight Road Trips, and My Son Taught Me About a Parent's Expectations
2026-06-02 22:52:48 - INFO - Scraped: Living Forward: A Proven Plan to Stop Drifting and Get the Life You Want
2026-06-02 22:52:48,177 - INFO - Scraped: Living Forward: A Proven Plan to Stop Drifting and Get the Life You Want
2026-06-02 22:52:48 - INFO - Scraped: Les Fleurs du Mal
2026-06-02 22:52:48,178 - INFO - Scraped: Les Fleurs du Mal
2026-06-02 22:52:48 - INFO - Scraped: Left Behind (Left Behind #1)
2026-06-02 22:52:48,179 - INFO - Scraped: Left Behind (Left Behind #1)
2026-06-02 22:52:48 - INFO - Scraped: Kill 'Em and Leave: Searching for James Brown and the American Soul
2026-06-02 22:52:48,181 - INFO - Scraped: Kill 'Em and Leave: Searching for James Brown and the American Soul
2026-06-02 22:52:48 - INFO - Scraped: Kierkegaard: A Christian Missionary to Christians
2026-06-02 22:52:48,182 - INFO - Scraped: Kierkegaard: A Christian Missionary to Christians
2026-06-02 22:52:48 - INFO - Scraped: John Vassos: Industrial Design for Modern Life
2026-06-02 22:52:48,183 - INFO - Scraped: John Vassos: Industrial Design for Modern Life
2026-06-02 22:52:48 - INFO - Scraped: I'll Give You the Sun
2026-06-02 22:52:48,184 - INFO - Scraped: I'll Give You the Sun
2026-06-02 22:52:48 - INFO - Scraped: I Will Find You
2026-06-02 22:52:48,185 - INFO - Scraped: I Will Find You
2026-06-02 22:52:48 - INFO - Scraped: Hystopia: A Novel
2026-06-02 22:52:48,186 - INFO - Scraped: Hystopia: A Novel
2026-06-02 22:52:48 - INFO - Scraped: Howl and Other Poems
2026-06-02 22:52:48,189 - INFO - Scraped: Howl and Other Poems
2026-06-02 22:52:48 - INFO - Scraped: History of Beauty
2026-06-02 22:52:48,191 - INFO - Scraped: History of Beauty
2026-06-02 22:52:50 - INFO - Requesting URL: https://books.toscrape.com/catalogue/page-25.html | Status Code: 200
2026-06-02 22:52:50,213 - INFO - Requesting URL: https://books.toscrape.com/catalogue/page-25.html | Status Code: 200
2026-06-02 22:52:50 - INFO - Scraped: Heaven is for Real: A Little Boy's Astounding Story of His Trip to Heaven and Back
2026-06-02 22:52:50,269 - INFO - Scraped: Heaven is for Real: A Little Boy's Astounding Story of His Trip to Heaven and Back
2026-06-02 22:52:50 - INFO - Scraped: Future Shock (Future Shock #1)
2026-06-02 22:52:50,270 - INFO - Scraped: Future Shock (Future Shock #1)
2026-06-02 22:52:50 - INFO - Scraped: Ender's Game (The Ender Quintet #1)
2026-06-02 22:52:50,271 - INFO - Scraped: Ender's Game (The Ender Quintet #1)
2026-06-02 22:52:50 - INFO - Scraped: Diary of a Citizen Scientist: Chasing Tiger Beetles and Other New Ways of Engaging the World
2026-06-02 22:52:50,272 - INFO - Scraped: Diary of a Citizen Scientist: Chasing Tiger Beetles and Other New Ways of Engaging the World
2026-06-02 22:52:50 - INFO - Scraped: Death by Leisure: A Cautionary Tale
2026-06-02 22:52:50,272 - INFO - Scraped: Death by Leisure: A Cautionary Tale
2026-06-02 22:52:50 - INFO - Scraped: Brilliant Beacons: A History of the American Lighthouse
2026-06-02 22:52:50,273 - INFO - Scraped: Brilliant Beacons: A History of the American Lighthouse
2026-06-02 22:52:50 - INFO - Scraped: Brazen: The Courage to Find the You That's Been Hiding
2026-06-02 22:52:50,274 - INFO - Scraped: Brazen: The Courage to Find the You That's Been Hiding
2026-06-02 22:52:50 - INFO - Scraped: Between the World and Me
2026-06-02 22:52:50,275 - INFO - Scraped: Between the World and Me
2026-06-02 22:52:50 - INFO - Scraped: Being Mortal: Medicine and What Matters in the End
2026-06-02 22:52:50,277 - INFO - Scraped: Being Mortal: Medicine and What Matters in the End
2026-06-02 22:52:50 - INFO - Scraped: A Murder Over a Girl: Justice, Gender, Junior High
2026-06-02 22:52:50,278 - INFO - Scraped: A Murder Over a Girl: Justice, Gender, Junior High
2026-06-02 22:52:50 - INFO - Scraped: 32 Yolks
2026-06-02 22:52:50,279 - INFO - Scraped: 32 Yolks
2026-06-02 22:52:50 - INFO - Scraped: "Most Blessed of the Patriarchs": Thomas Jefferson and the Empire of the Imagination
2026-06-02 22:52:50,280 - INFO - Scraped: "Most Blessed of the Patriarchs": Thomas Jefferson and the Empire of the Imagination
2026-06-02 22:52:50 - INFO - Scraped: You Are a Badass: How to Stop Doubting Your Greatness and Start Living an Awesome Life
2026-06-02 22:52:50,281 - INFO - Scraped: You Are a Badass: How to Stop Doubting Your Greatness and Start Living an Awesome Life
2026-06-02 22:52:50 - INFO - Scraped: Wildlife of New York: A Five-Borough Coloring Book
2026-06-02 22:52:50,283 - INFO - Scraped: Wildlife of New York: A Five-Borough Coloring Book
2026-06-02 22:52:50 - INFO - Scraped: What Happened on Beale Street (Secrets of the South Mysteries #2)
2026-06-02 22:52:50,284 - INFO - Scraped: What Happened on Beale Street (Secrets of the South Mysteries #2)
2026-06-02 22:52:50 - INFO - Scraped: Unreasonable Hope: Finding Faith in the God Who Brings Purpose to Your Pain
2026-06-02 22:52:50,287 - INFO - Scraped: Unreasonable Hope: Finding Faith in the God Who Brings Purpose to Your Pain
2026-06-02 22:52:50 - INFO - Scraped: Under the Tuscan Sun
2026-06-02 22:52:50,288 - INFO - Scraped: Under the Tuscan Sun
2026-06-02 22:52:50 - INFO - Scraped: Toddlers Are A**holes: It's Not Your Fault
2026-06-02 22:52:50,290 - INFO - Scraped: Toddlers Are A**holes: It's Not Your Fault
2026-06-02 22:52:50 - INFO - Scraped: The Year of Living Biblically: One Man's Humble Quest to Follow the Bible as Literally as Possible
2026-06-02 22:52:50,291 - INFO - Scraped: The Year of Living Biblically: One Man's Humble Quest to Follow the Bible as Literally as Possible
2026-06-02 22:52:50 - INFO - Scraped: The Whale
2026-06-02 22:52:50,292 - INFO - Scraped: The Whale
2026-06-02 22:52:52 - INFO - Requesting URL: https://books.toscrape.com/catalogue/page-26.html | Status Code: 200
2026-06-02 22:52:52,486 - INFO - Requesting URL: https://books.toscrape.com/catalogue/page-26.html | Status Code: 200
2026-06-02 22:52:52 - INFO - Scraped: The Story of Art
2026-06-02 22:52:52,539 - INFO - Scraped: The Story of Art
2026-06-02 22:52:52 - INFO - Scraped: The Origin of Species
2026-06-02 22:52:52,540 - INFO - Scraped: The Origin of Species
2026-06-02 22:52:52 - INFO - Scraped: The Great Gatsby
2026-06-02 22:52:52,541 - INFO - Scraped: The Great Gatsby
2026-06-02 22:52:52 - INFO - Scraped: The Good Girl
2026-06-02 22:52:52,542 - INFO - Scraped: The Good Girl
2026-06-02 22:52:52 - INFO - Scraped: The Glass Castle
2026-06-02 22:52:52,544 - INFO - Scraped: The Glass Castle
2026-06-02 22:52:52 - INFO - Scraped: The Faith of Christopher Hitchens: The Restless Soul of the World's Most Notorious Atheist
2026-06-02 22:52:52,545 - INFO - Scraped: The Faith of Christopher Hitchens: The Restless Soul of the World's Most Notorious Atheist
2026-06-02 22:52:52 - INFO - Scraped: The Drowning Girls
2026-06-02 22:52:52,547 - INFO - Scraped: The Drowning Girls
2026-06-02 22:52:52 - INFO - Scraped: The Constant Princess (The Tudor Court #1)
2026-06-02 22:52:52,548 - INFO - Scraped: The Constant Princess (The Tudor Court #1)
2026-06-02 22:52:52 - INFO - Scraped: The Bourne Identity (Jason Bourne #1)
2026-06-02 22:52:52,549 - INFO - Scraped: The Bourne Identity (Jason Bourne #1)
2026-06-02 22:52:52 - INFO - Scraped: The Bachelor Girl's Guide to Murder (Herringford and Watts Mysteries #1)
2026-06-02 22:52:52,551 - INFO - Scraped: The Bachelor Girl's Guide to Murder (Herringford and Watts Mysteries #1)
2026-06-02 22:52:52 - INFO - Scraped: The Art Book
2026-06-02 22:52:52,552 - INFO - Scraped: The Art Book
2026-06-02 22:52:52 - INFO - Scraped: The 7 Habits of Highly Effective People: Powerful Lessons in Personal Change
2026-06-02 22:52:52,553 - INFO - Scraped: The 7 Habits of Highly Effective People: Powerful Lessons in Personal Change
2026-06-02 22:52:52 - INFO - Scraped: Team of Rivals: The Political Genius of Abraham Lincoln
2026-06-02 22:52:52,554 - INFO - Scraped: Team of Rivals: The Political Genius of Abraham Lincoln
2026-06-02 22:52:52 - INFO - Scraped: Steal Like an Artist: 10 Things Nobody Told You About Being Creative
2026-06-02 22:52:52,556 - INFO - Scraped: Steal Like an Artist: 10 Things Nobody Told You About Being Creative
2026-06-02 22:52:52 - INFO - Scraped: Sit, Stay, Love
2026-06-02 22:52:52,558 - INFO - Scraped: Sit, Stay, Love
2026-06-02 22:52:52 - INFO - Scraped: Sister Dear
2026-06-02 22:52:52,560 - INFO - Scraped: Sister Dear
2026-06-02 22:52:52 - INFO - Scraped: Shrunken Treasures: Literary Classics, Short, Sweet, and Silly
2026-06-02 22:52:52,562 - INFO - Scraped: Shrunken Treasures: Literary Classics, Short, Sweet, and Silly
2026-06-02 22:52:52 - INFO - Scraped: Rich Dad, Poor Dad
2026-06-02 22:52:52,563 - INFO - Scraped: Rich Dad, Poor Dad
2026-06-02 22:52:52 - INFO - Scraped: Raymie Nightingale
2026-06-02 22:52:52,564 - INFO - Scraped: Raymie Nightingale
2026-06-02 22:52:52 - INFO - Scraped: Playing from the Heart
2026-06-02 22:52:52,565 - INFO - Scraped: Playing from the Heart
2026-06-02 22:52:54 - INFO - Requesting URL: https://books.toscrape.com/catalogue/page-27.html | Status Code: 200
2026-06-02 22:52:54,637 - INFO - Requesting URL: https://books.toscrape.com/catalogue/page-27.html | Status Code: 200
2026-06-02 22:52:54 - INFO - Scraped: Nightstruck: A Novel
2026-06-02 22:52:54,693 - INFO - Scraped: Nightstruck: A Novel
2026-06-02 22:52:54 - INFO - Scraped: Naturally Lean: 125 Nourishing Gluten-Free, Plant-Based Recipes--All Under 300 Calories
2026-06-02 22:52:54,694 - INFO - Scraped: Naturally Lean: 125 Nourishing Gluten-Free, Plant-Based Recipes--All Under 300 Calories
2026-06-02 22:52:54 - INFO - Scraped: Meternity
2026-06-02 22:52:54,695 - INFO - Scraped: Meternity
2026-06-02 22:52:54 - INFO - Scraped: Memoirs of a Geisha
2026-06-02 22:52:54,696 - INFO - Scraped: Memoirs of a Geisha
2026-06-02 22:52:54 - INFO - Scraped: Like Never Before (Walker Family #2)
2026-06-02 22:52:54,697 - INFO - Scraped: Like Never Before (Walker Family #2)
2026-06-02 22:52:54 - INFO - Scraped: Life of Pi
2026-06-02 22:52:54,698 - INFO - Scraped: Life of Pi
2026-06-02 22:52:54 - INFO - Scraped: Leave This Song Behind: Teen Poetry at Its Best
2026-06-02 22:52:54,700 - INFO - Scraped: Leave This Song Behind: Teen Poetry at Its Best
2026-06-02 22:52:54 - INFO - Scraped: King's Folly (The Kinsman Chronicles #1)
2026-06-02 22:52:54,701 - INFO - Scraped: King's Folly (The Kinsman Chronicles #1)
2026-06-02 22:52:54 - INFO - Scraped: John Adams
2026-06-02 22:52:54,702 - INFO - Scraped: John Adams
2026-06-02 22:52:54 - INFO - Scraped: How to Cook Everything Vegetarian: Simple Meatless Recipes for Great Food (How to Cook Everything)
2026-06-02 22:52:54,703 - INFO - Scraped: How to Cook Everything Vegetarian: Simple Meatless Recipes for Great Food (How to Cook Everything)
2026-06-02 22:52:54 - INFO - Scraped: How to Be a Domestic Goddess: Baking and the Art of Comfort Cooking
2026-06-02 22:52:54,704 - INFO - Scraped: How to Be a Domestic Goddess: Baking and the Art of Comfort Cooking
2026-06-02 22:52:54 - INFO - Scraped: Good in Bed (Cannie Shapiro #1)
2026-06-02 22:52:54,706 - INFO - Scraped: Good in Bed (Cannie Shapiro #1)
2026-06-02 22:52:54 - INFO - Scraped: Fruits Basket, Vol. 7 (Fruits Basket #7)
2026-06-02 22:52:54,707 - INFO - Scraped: Fruits Basket, Vol. 7 (Fruits Basket #7)
2026-06-02 22:52:54 - INFO - Scraped: For the Love: Fighting for Grace in a World of Impossible Standards
2026-06-02 22:52:54,708 - INFO - Scraped: For the Love: Fighting for Grace in a World of Impossible Standards
2026-06-02 22:52:54 - INFO - Scraped: Finding God in the Ruins: How God Redeems Pain
2026-06-02 22:52:54,709 - INFO - Scraped: Finding God in the Ruins: How God Redeems Pain
2026-06-02 22:52:54 - INFO - Scraped: Every Heart a Doorway (Every Heart A Doorway #1)
2026-06-02 22:52:54,711 - INFO - Scraped: Every Heart a Doorway (Every Heart A Doorway #1)
2026-06-02 22:52:54 - INFO - Scraped: Delivering the Truth (Quaker Midwife Mystery #1)
2026-06-02 22:52:54,712 - INFO - Scraped: Delivering the Truth (Quaker Midwife Mystery #1)
2026-06-02 22:52:54 - INFO - Scraped: Counted With the Stars (Out from Egypt #1)
2026-06-02 22:52:54,713 - INFO - Scraped: Counted With the Stars (Out from Egypt #1)
2026-06-02 22:52:54 - INFO - Scraped: Chronicles, Vol. 1
2026-06-02 22:52:54,714 - INFO - Scraped: Chronicles, Vol. 1
2026-06-02 22:52:54 - INFO - Scraped: Blue Like Jazz: Nonreligious Thoughts on Christian Spirituality
2026-06-02 22:52:54,717 - INFO - Scraped: Blue Like Jazz: Nonreligious Thoughts on Christian Spirituality
2026-06-02 22:52:56 - INFO - Requesting URL: https://books.toscrape.com/catalogue/page-28.html | Status Code: 200
2026-06-02 22:52:56,807 - INFO - Requesting URL: https://books.toscrape.com/catalogue/page-28.html | Status Code: 200
2026-06-02 22:52:56 - INFO - Scraped: Benjamin Franklin: An American Life
2026-06-02 22:52:56,866 - INFO - Scraped: Benjamin Franklin: An American Life
2026-06-02 22:52:56 - INFO - Scraped: At The Existentialist Café: Freedom, Being, and apricot cocktails with: Jean-Paul Sartre, Simone de Beauvoir, Albert Camus, Martin Heidegger, Edmund Husserl, Karl Jaspers, Maurice Merleau-Ponty and others
2026-06-02 22:52:56,868 - INFO - Scraped: At The Existentialist Café: Freedom, Being, and apricot cocktails with: Jean-Paul Sartre, Simone de Beauvoir, Albert Camus, Martin Heidegger, Edmund Husserl, Karl Jaspers, Maurice Merleau-Ponty and others
2026-06-02 22:52:56 - INFO - Scraped: A Summer In Europe
2026-06-02 22:52:56,868 - INFO - Scraped: A Summer In Europe
2026-06-02 22:52:56 - INFO - Scraped: A Short History of Nearly Everything
2026-06-02 22:52:56,869 - INFO - Scraped: A Short History of Nearly Everything
2026-06-02 22:52:56 - INFO - Scraped: A Gathering of Shadows (Shades of Magic #2)
2026-06-02 22:52:56,870 - INFO - Scraped: A Gathering of Shadows (Shades of Magic #2)
2026-06-02 22:52:56 - INFO - Scraped: The Sound Of Love
2026-06-02 22:52:56,871 - INFO - Scraped: The Sound Of Love
2026-06-02 22:52:56 - INFO - Scraped: The Rise and Fall of the Third Reich: A History of Nazi Germany
2026-06-02 22:52:56,873 - INFO - Scraped: The Rise and Fall of the Third Reich: A History of Nazi Germany
2026-06-02 22:52:56 - INFO - Scraped: The Perks of Being a Wallflower
2026-06-02 22:52:56,875 - INFO - Scraped: The Perks of Being a Wallflower
2026-06-02 22:52:56 - INFO - Scraped: The Mysterious Affair at Styles (Hercule Poirot #1)
2026-06-02 22:52:56,875 - INFO - Scraped: The Mysterious Affair at Styles (Hercule Poirot #1)
2026-06-02 22:52:56 - INFO - Scraped: The Man Who Mistook His Wife for a Hat and Other Clinical Tales
2026-06-02 22:52:56,876 - INFO - Scraped: The Man Who Mistook His Wife for a Hat and Other Clinical Tales
2026-06-02 22:52:56 - INFO - Scraped: The Makings of a Fatherless Child
2026-06-02 22:52:56,877 - INFO - Scraped: The Makings of a Fatherless Child
2026-06-02 22:52:56 - INFO - Scraped: The Joy of Cooking
2026-06-02 22:52:56,878 - INFO - Scraped: The Joy of Cooking
2026-06-02 22:52:56 - INFO - Scraped: The Invention of Wings
2026-06-02 22:52:56,880 - INFO - Scraped: The Invention of Wings
2026-06-02 22:52:56 - INFO - Scraped: The Hobbit (Middle-Earth Universe)
2026-06-02 22:52:56,881 - INFO - Scraped: The Hobbit (Middle-Earth Universe)
2026-06-02 22:52:56 - INFO - Scraped: The Great Railway Bazaar
2026-06-02 22:52:56,882 - INFO - Scraped: The Great Railway Bazaar
2026-06-02 22:52:56 - INFO - Scraped: The Golden Compass (His Dark Materials #1)
2026-06-02 22:52:56,883 - INFO - Scraped: The Golden Compass (His Dark Materials #1)
2026-06-02 22:52:56 - INFO - Scraped: The God Delusion
2026-06-02 22:52:56,884 - INFO - Scraped: The God Delusion
2026-06-02 22:52:56 - INFO - Scraped: The Girl You Left Behind (The Girl You Left Behind #1)
2026-06-02 22:52:56,885 - INFO - Scraped: The Girl You Left Behind (The Girl You Left Behind #1)
2026-06-02 22:52:56 - INFO - Scraped: The Fellowship of the Ring (The Lord of the Rings #1)
2026-06-02 22:52:56,886 - INFO - Scraped: The Fellowship of the Ring (The Lord of the Rings #1)
2026-06-02 22:52:56 - INFO - Scraped: The Collected Poems of W.B. Yeats (The Collected Works of W.B. Yeats #1)
2026-06-02 22:52:56,888 - INFO - Scraped: The Collected Poems of W.B. Yeats (The Collected Works of W.B. Yeats #1)
2026-06-02 22:52:59 - INFO - Requesting URL: https://books.toscrape.com/catalogue/page-29.html | Status Code: 200
2026-06-02 22:52:59,009 - INFO - Requesting URL: https://books.toscrape.com/catalogue/page-29.html | Status Code: 200
2026-06-02 22:52:59 - INFO - Scraped: The Barefoot Contessa Cookbook
2026-06-02 22:52:59,066 - INFO - Scraped: The Barefoot Contessa Cookbook
2026-06-02 22:52:59 - INFO - Scraped: Tell the Wolves I'm Home
2026-06-02 22:52:59,066 - INFO - Scraped: Tell the Wolves I'm Home
2026-06-02 22:52:59 - INFO - Scraped: Ship Leaves Harbor: Essays on Travel by a Recovering Journeyman
2026-06-02 22:52:59,067 - INFO - Scraped: Ship Leaves Harbor: Essays on Travel by a Recovering Journeyman
2026-06-02 22:52:59 - INFO - Scraped: Pride and Prejudice
2026-06-02 22:52:59,068 - INFO - Scraped: Pride and Prejudice
2026-06-02 22:52:59 - INFO - Scraped: Musicophilia: Tales of Music and the Brain
2026-06-02 22:52:59,069 - INFO - Scraped: Musicophilia: Tales of Music and the Brain
2026-06-02 22:52:59 - INFO - Scraped: Mere Christianity
2026-06-02 22:52:59,070 - INFO - Scraped: Mere Christianity
2026-06-02 22:52:59 - INFO - Scraped: Me Before You (Me Before You #1)
2026-06-02 22:52:59,072 - INFO - Scraped: Me Before You (Me Before You #1)
2026-06-02 22:52:59 - INFO - Scraped: In the Woods (Dublin Murder Squad #1)
2026-06-02 22:52:59,073 - INFO - Scraped: In the Woods (Dublin Murder Squad #1)
2026-06-02 22:52:59 - INFO - Scraped: In Cold Blood
2026-06-02 22:52:59,074 - INFO - Scraped: In Cold Blood
2026-06-02 22:52:59 - INFO - Scraped: How to Stop Worrying and Start Living
2026-06-02 22:52:59,075 - INFO - Scraped: How to Stop Worrying and Start Living
2026-06-02 22:52:59 - INFO - Scraped: Give It Back
2026-06-02 22:52:59,076 - INFO - Scraped: Give It Back
2026-06-02 22:52:59 - INFO - Scraped: Girl, Interrupted
2026-06-02 22:52:59,077 - INFO - Scraped: Girl, Interrupted
2026-06-02 22:52:59 - INFO - Scraped: Fun Home: A Family Tragicomic
2026-06-02 22:52:59,079 - INFO - Scraped: Fun Home: A Family Tragicomic
2026-06-02 22:52:59 - INFO - Scraped: Fruits Basket, Vol. 6 (Fruits Basket #6)
2026-06-02 22:52:59,080 - INFO - Scraped: Fruits Basket, Vol. 6 (Fruits Basket #6)
2026-06-02 22:52:59 - INFO - Scraped: Deception Point
2026-06-02 22:52:59,081 - INFO - Scraped: Deception Point
2026-06-02 22:52:59 - INFO - Scraped: Death Note, Vol. 6: Give-and-Take (Death Note #6)
2026-06-02 22:52:59,082 - INFO - Scraped: Death Note, Vol. 6: Give-and-Take (Death Note #6)
2026-06-02 22:52:59 - INFO - Scraped: Catherine the Great: Portrait of a Woman
2026-06-02 22:52:59,084 - INFO - Scraped: Catherine the Great: Portrait of a Woman
2026-06-02 22:52:59 - INFO - Scraped: Better Homes and Gardens New Cook Book
2026-06-02 22:52:59,086 - INFO - Scraped: Better Homes and Gardens New Cook Book
2026-06-02 22:52:59 - INFO - Scraped: An Unquiet Mind: A Memoir of Moods and Madness
2026-06-02 22:52:59,087 - INFO - Scraped: An Unquiet Mind: A Memoir of Moods and Madness
2026-06-02 22:52:59 - INFO - Scraped: A Year in Provence (Provence #1)
2026-06-02 22:52:59,088 - INFO - Scraped: A Year in Provence (Provence #1)
2026-06-02 22:53:01 - INFO - Requesting URL: https://books.toscrape.com/catalogue/page-30.html | Status Code: 200
2026-06-02 22:53:01,168 - INFO - Requesting URL: https://books.toscrape.com/catalogue/page-30.html | Status Code: 200
2026-06-02 22:53:01 - INFO - Scraped: World Without End (The Pillars of the Earth #2)
2026-06-02 22:53:01,228 - INFO - Scraped: World Without End (The Pillars of the Earth #2)
2026-06-02 22:53:01 - INFO - Scraped: Will Grayson, Will Grayson (Will Grayson, Will Grayson)
2026-06-02 22:53:01,228 - INFO - Scraped: Will Grayson, Will Grayson (Will Grayson, Will Grayson)
2026-06-02 22:53:01 - INFO - Scraped: Why Save the Bankers?: And Other Essays on Our Economic and Political Crisis
2026-06-02 22:53:01,229 - INFO - Scraped: Why Save the Bankers?: And Other Essays on Our Economic and Political Crisis
2026-06-02 22:53:01 - INFO - Scraped: Where She Went (If I Stay #2)
2026-06-02 22:53:01,230 - INFO - Scraped: Where She Went (If I Stay #2)
2026-06-02 22:53:01 - INFO - Scraped: What If?: Serious Scientific Answers to Absurd Hypothetical Questions
2026-06-02 22:53:01,231 - INFO - Scraped: What If?: Serious Scientific Answers to Absurd Hypothetical Questions
2026-06-02 22:53:01 - INFO - Scraped: Two Summers
2026-06-02 22:53:01,232 - INFO - Scraped: Two Summers
2026-06-02 22:53:01 - INFO - Scraped: This Is Your Brain on Music: The Science of a Human Obsession
2026-06-02 22:53:01,234 - INFO - Scraped: This Is Your Brain on Music: The Science of a Human Obsession
2026-06-02 22:53:01 - INFO - Scraped: The Secret Garden
2026-06-02 22:53:01,235 - INFO - Scraped: The Secret Garden
2026-06-02 22:53:01 - INFO - Scraped: The Raven King (The Raven Cycle #4)
2026-06-02 22:53:01,236 - INFO - Scraped: The Raven King (The Raven Cycle #4)
2026-06-02 22:53:01 - INFO - Scraped: The Raven Boys (The Raven Cycle #1)
2026-06-02 22:53:01,238 - INFO - Scraped: The Raven Boys (The Raven Cycle #1)
2026-06-02 22:53:01 - INFO - Scraped: The Power Greens Cookbook: 140 Delicious Superfood Recipes
2026-06-02 22:53:01,239 - INFO - Scraped: The Power Greens Cookbook: 140 Delicious Superfood Recipes
2026-06-02 22:53:01 - INFO - Scraped: The Metamorphosis
2026-06-02 22:53:01,240 - INFO - Scraped: The Metamorphosis
2026-06-02 22:53:01 - INFO - Scraped: The Mathews Men: Seven Brothers and the War Against Hitler's U-boats
2026-06-02 22:53:01,241 - INFO - Scraped: The Mathews Men: Seven Brothers and the War Against Hitler's U-boats
2026-06-02 22:53:01 - INFO - Scraped: The Little Paris Bookshop
2026-06-02 22:53:01,244 - INFO - Scraped: The Little Paris Bookshop
2026-06-02 22:53:01 - INFO - Scraped: The Hiding Place
2026-06-02 22:53:01,246 - INFO - Scraped: The Hiding Place
2026-06-02 22:53:01 - INFO - Scraped: The Grand Design
2026-06-02 22:53:01,248 - INFO - Scraped: The Grand Design
2026-06-02 22:53:01 - INFO - Scraped: The Firm
2026-06-02 22:53:01,249 - INFO - Scraped: The Firm
2026-06-02 22:53:01 - INFO - Scraped: The Fault in Our Stars
2026-06-02 22:53:01,250 - INFO - Scraped: The Fault in Our Stars
2026-06-02 22:53:01 - INFO - Scraped: The False Prince (The Ascendance Trilogy #1)
2026-06-02 22:53:01,252 - INFO - Scraped: The False Prince (The Ascendance Trilogy #1)
2026-06-02 22:53:01 - INFO - Scraped: The Expatriates
2026-06-02 22:53:01,253 - INFO - Scraped: The Expatriates
2026-06-02 22:53:03 - INFO - Requesting URL: https://books.toscrape.com/catalogue/page-31.html | Status Code: 200
2026-06-02 22:53:03,388 - INFO - Requesting URL: https://books.toscrape.com/catalogue/page-31.html | Status Code: 200
2026-06-02 22:53:03 - INFO - Scraped: The Dream Thieves (The Raven Cycle #2)
2026-06-02 22:53:03,442 - INFO - Scraped: The Dream Thieves (The Raven Cycle #2)
2026-06-02 22:53:03 - INFO - Scraped: The Darkest Corners
2026-06-02 22:53:03,443 - INFO - Scraped: The Darkest Corners
2026-06-02 22:53:03 - INFO - Scraped: The Crossover
2026-06-02 22:53:03,444 - INFO - Scraped: The Crossover
2026-06-02 22:53:03 - INFO - Scraped: The 5th Wave (The 5th Wave #1)
2026-06-02 22:53:03,445 - INFO - Scraped: The 5th Wave (The 5th Wave #1)
2026-06-02 22:53:03 - INFO - Scraped: Tell the Wind and Fire
2026-06-02 22:53:03,446 - INFO - Scraped: Tell the Wind and Fire
2026-06-02 22:53:03 - INFO - Scraped: Tell Me Three Things
2026-06-02 22:53:03,447 - INFO - Scraped: Tell Me Three Things
2026-06-02 22:53:03 - INFO - Scraped: Talking to Girls About Duran Duran: One Young Man's Quest for True Love and a Cooler Haircut
2026-06-02 22:53:03,448 - INFO - Scraped: Talking to Girls About Duran Duran: One Young Man's Quest for True Love and a Cooler Haircut
2026-06-02 22:53:03 - INFO - Scraped: Siddhartha
2026-06-02 22:53:03,450 - INFO - Scraped: Siddhartha
2026-06-02 22:53:03 - INFO - Scraped: Shiver (The Wolves of Mercy Falls #1)
2026-06-02 22:53:03,451 - INFO - Scraped: Shiver (The Wolves of Mercy Falls #1)
2026-06-02 22:53:03 - INFO - Scraped: Remember Me?
2026-06-02 22:53:03,452 - INFO - Scraped: Remember Me?
2026-06-02 22:53:03 - INFO - Scraped: Red Dragon (Hannibal Lecter #1)
2026-06-02 22:53:03,453 - INFO - Scraped: Red Dragon (Hannibal Lecter #1)
2026-06-02 22:53:03 - INFO - Scraped: Peak: Secrets from the New Science of Expertise
2026-06-02 22:53:03,455 - INFO - Scraped: Peak: Secrets from the New Science of Expertise
2026-06-02 22:53:03 - INFO - Scraped: My Mother Was Nuts
2026-06-02 22:53:03,456 - INFO - Scraped: My Mother Was Nuts
2026-06-02 22:53:03 - INFO - Scraped: Mexican Today: New and Rediscovered Recipes for Contemporary Kitchens
2026-06-02 22:53:03,457 - INFO - Scraped: Mexican Today: New and Rediscovered Recipes for Contemporary Kitchens
2026-06-02 22:53:03 - INFO - Scraped: Maybe Something Beautiful: How Art Transformed a Neighborhood
2026-06-02 22:53:03,460 - INFO - Scraped: Maybe Something Beautiful: How Art Transformed a Neighborhood
2026-06-02 22:53:03 - INFO - Scraped: Lola and the Boy Next Door (Anna and the French Kiss #2)
2026-06-02 22:53:03,462 - INFO - Scraped: Lola and the Boy Next Door (Anna and the French Kiss #2)
2026-06-02 22:53:03 - INFO - Scraped: Logan Kade (Fallen Crest High #5.5)
2026-06-02 22:53:03,463 - INFO - Scraped: Logan Kade (Fallen Crest High #5.5)
2026-06-02 22:53:03 - INFO - Scraped: Last One Home (New Beginnings #1)
2026-06-02 22:53:03,464 - INFO - Scraped: Last One Home (New Beginnings #1)
2026-06-02 22:53:03 - INFO - Scraped: Killing Floor (Jack Reacher #1)
2026-06-02 22:53:03,466 - INFO - Scraped: Killing Floor (Jack Reacher #1)
2026-06-02 22:53:03 - INFO - Scraped: Kill the Boy Band
2026-06-02 22:53:03,467 - INFO - Scraped: Kill the Boy Band
2026-06-02 22:53:05 - INFO - Requesting URL: https://books.toscrape.com/catalogue/page-32.html | Status Code: 200
2026-06-02 22:53:05,437 - INFO - Requesting URL: https://books.toscrape.com/catalogue/page-32.html | Status Code: 200
2026-06-02 22:53:05 - INFO - Scraped: Isla and the Happily Ever After (Anna and the French Kiss #3)
2026-06-02 22:53:05,571 - INFO - Scraped: Isla and the Happily Ever After (Anna and the French Kiss #3)
2026-06-02 22:53:05 - INFO - Scraped: If I Stay (If I Stay #1)
2026-06-02 22:53:05,573 - INFO - Scraped: If I Stay (If I Stay #1)
2026-06-02 22:53:05 - INFO - Scraped: I Know Why the Caged Bird Sings (Maya Angelou's Autobiography #1)
2026-06-02 22:53:05,574 - INFO - Scraped: I Know Why the Caged Bird Sings (Maya Angelou's Autobiography #1)
2026-06-02 22:53:05 - INFO - Scraped: Harry Potter and the Deathly Hallows (Harry Potter #7)
2026-06-02 22:53:05,575 - INFO - Scraped: Harry Potter and the Deathly Hallows (Harry Potter #7)
2026-06-02 22:53:05 - INFO - Scraped: Fruits Basket, Vol. 5 (Fruits Basket #5)
2026-06-02 22:53:05,576 - INFO - Scraped: Fruits Basket, Vol. 5 (Fruits Basket #5)
2026-06-02 22:53:05 - INFO - Scraped: Foundation (Foundation (Publication Order) #1)
2026-06-02 22:53:05,577 - INFO - Scraped: Foundation (Foundation (Publication Order) #1)
2026-06-02 22:53:05 - INFO - Scraped: Fool Me Once
2026-06-02 22:53:05,579 - INFO - Scraped: Fool Me Once
2026-06-02 22:53:05 - INFO - Scraped: Find Her (Detective D.D. Warren #8)
2026-06-02 22:53:05,580 - INFO - Scraped: Find Her (Detective D.D. Warren #8)
2026-06-02 22:53:05 - INFO - Scraped: Evicted: Poverty and Profit in the American City
2026-06-02 22:53:05,581 - INFO - Scraped: Evicted: Poverty and Profit in the American City
2026-06-02 22:53:05 - INFO - Scraped: Drama
2026-06-02 22:53:05,582 - INFO - Scraped: Drama
2026-06-02 22:53:05 - INFO - Scraped: Dracula the Un-Dead
2026-06-02 22:53:05,583 - INFO - Scraped: Dracula the Un-Dead
2026-06-02 22:53:05 - INFO - Scraped: Digital Fortress
2026-06-02 22:53:05,584 - INFO - Scraped: Digital Fortress
2026-06-02 22:53:05 - INFO - Scraped: Death Note, Vol. 5: Whiteout (Death Note #5)
2026-06-02 22:53:05,586 - INFO - Scraped: Death Note, Vol. 5: Whiteout (Death Note #5)
2026-06-02 22:53:05 - INFO - Scraped: Data, A Love Story: How I Gamed Online Dating to Meet My Match
2026-06-02 22:53:05,588 - INFO - Scraped: Data, A Love Story: How I Gamed Online Dating to Meet My Match
2026-06-02 22:53:05 - INFO - Scraped: Critique of Pure Reason
2026-06-02 22:53:05,591 - INFO - Scraped: Critique of Pure Reason
2026-06-02 22:53:05 - INFO - Scraped: Booked
2026-06-02 22:53:05,592 - INFO - Scraped: Booked
2026-06-02 22:53:05 - INFO - Scraped: Blue Lily, Lily Blue (The Raven Cycle #3)
2026-06-02 22:53:05,594 - INFO - Scraped: Blue Lily, Lily Blue (The Raven Cycle #3)
2026-06-02 22:53:05 - INFO - Scraped: Approval Junkie: Adventures in Caring Too Much
2026-06-02 22:53:05,595 - INFO - Scraped: Approval Junkie: Adventures in Caring Too Much
2026-06-02 22:53:05 - INFO - Scraped: An Abundance of Katherines
2026-06-02 22:53:05,596 - INFO - Scraped: An Abundance of Katherines
2026-06-02 22:53:05 - INFO - Scraped: America's War for the Greater Middle East: A Military History
2026-06-02 22:53:05,597 - INFO - Scraped: America's War for the Greater Middle East: A Military History
2026-06-02 22:53:07 - INFO - Requesting URL: https://books.toscrape.com/catalogue/page-33.html | Status Code: 200
2026-06-02 22:53:07,661 - INFO - Requesting URL: https://books.toscrape.com/catalogue/page-33.html | Status Code: 200
2026-06-02 22:53:07 - INFO - Scraped: Alight (The Generations Trilogy #2)
2026-06-02 22:53:07,716 - INFO - Scraped: Alight (The Generations Trilogy #2)
2026-06-02 22:53:07 - INFO - Scraped: A Girl's Guide to Moving On (New Beginnings #2)
2026-06-02 22:53:07,717 - INFO - Scraped: A Girl's Guide to Moving On (New Beginnings #2)
2026-06-02 22:53:07 - INFO - Scraped: A Game of Thrones (A Song of Ice and Fire #1)
2026-06-02 22:53:07,718 - INFO - Scraped: A Game of Thrones (A Song of Ice and Fire #1)
2026-06-02 22:53:07 - INFO - Scraped: A Feast for Crows (A Song of Ice and Fire #4)
2026-06-02 22:53:07,719 - INFO - Scraped: A Feast for Crows (A Song of Ice and Fire #4)
2026-06-02 22:53:07 - INFO - Scraped: A Clash of Kings (A Song of Ice and Fire #2)
2026-06-02 22:53:07,720 - INFO - Scraped: A Clash of Kings (A Song of Ice and Fire #2)
2026-06-02 22:53:07 - INFO - Scraped: Vogue Colors A to Z: A Fashion Coloring Book
2026-06-02 22:53:07,721 - INFO - Scraped: Vogue Colors A to Z: A Fashion Coloring Book
2026-06-02 22:53:07 - INFO - Scraped: The Shining (The Shining #1)
2026-06-02 22:53:07,723 - INFO - Scraped: The Shining (The Shining #1)
2026-06-02 22:53:07 - INFO - Scraped: The Pilgrim's Progress
2026-06-02 22:53:07,724 - INFO - Scraped: The Pilgrim's Progress
2026-06-02 22:53:07 - INFO - Scraped: The Perfect Play (Play by Play #1)
2026-06-02 22:53:07,725 - INFO - Scraped: The Perfect Play (Play by Play #1)
2026-06-02 22:53:07 - INFO - Scraped: The Passion of Dolssa
2026-06-02 22:53:07,726 - INFO - Scraped: The Passion of Dolssa
2026-06-02 22:53:07 - INFO - Scraped: The Jazz of Physics: The Secret Link Between Music and the Structure of the Universe
2026-06-02 22:53:07,727 - INFO - Scraped: The Jazz of Physics: The Secret Link Between Music and the Structure of the Universe
2026-06-02 22:53:07 - INFO - Scraped: The Hunger Games (The Hunger Games #1)
2026-06-02 22:53:07,728 - INFO - Scraped: The Hunger Games (The Hunger Games #1)
2026-06-02 22:53:07 - INFO - Scraped: The Hound of the Baskervilles (Sherlock Holmes #5)
2026-06-02 22:53:07,730 - INFO - Scraped: The Hound of the Baskervilles (Sherlock Holmes #5)
2026-06-02 22:53:07 - INFO - Scraped: The Gunning of America: Business and the Making of American Gun Culture
2026-06-02 22:53:07,731 - INFO - Scraped: The Gunning of America: Business and the Making of American Gun Culture
2026-06-02 22:53:07 - INFO - Scraped: The Geography of Bliss: One Grump's Search for the Happiest Places in the World
2026-06-02 22:53:07,732 - INFO - Scraped: The Geography of Bliss: One Grump's Search for the Happiest Places in the World
2026-06-02 22:53:07 - INFO - Scraped: The Demonists (Demonist #1)
2026-06-02 22:53:07,733 - INFO - Scraped: The Demonists (Demonist #1)
2026-06-02 22:53:07 - INFO - Scraped: The Demon Prince of Momochi House, Vol. 4 (The Demon Prince of Momochi House #4)
2026-06-02 22:53:07,735 - INFO - Scraped: The Demon Prince of Momochi House, Vol. 4 (The Demon Prince of Momochi House #4)
2026-06-02 22:53:07 - INFO - Scraped: The Bone Hunters (Lexy Vaughan & Steven Macaulay #2)
2026-06-02 22:53:07,736 - INFO - Scraped: The Bone Hunters (Lexy Vaughan & Steven Macaulay #2)
2026-06-02 22:53:07 - INFO - Scraped: The Beast (Black Dagger Brotherhood #14)
2026-06-02 22:53:07,737 - INFO - Scraped: The Beast (Black Dagger Brotherhood #14)
2026-06-02 22:53:07 - INFO - Scraped: Some Women
2026-06-02 22:53:07,740 - INFO - Scraped: Some Women
2026-06-02 22:53:09 - INFO - Requesting URL: https://books.toscrape.com/catalogue/page-34.html | Status Code: 200
2026-06-02 22:53:09,456 - INFO - Requesting URL: https://books.toscrape.com/catalogue/page-34.html | Status Code: 200
2026-06-02 22:53:09 - INFO - Scraped: Shopaholic Ties the Knot (Shopaholic #3)
2026-06-02 22:53:09,516 - INFO - Scraped: Shopaholic Ties the Knot (Shopaholic #3)
2026-06-02 22:53:09 - INFO - Scraped: Paper and Fire (The Great Library #2)
2026-06-02 22:53:09,518 - INFO - Scraped: Paper and Fire (The Great Library #2)
2026-06-02 22:53:09 - INFO - Scraped: Outlander (Outlander #1)
2026-06-02 22:53:09,518 - INFO - Scraped: Outlander (Outlander #1)
2026-06-02 22:53:09 - INFO - Scraped: Orchestra of Exiles: The Story of Bronislaw Huberman, the Israel Philharmonic, and the One Thousand Jews He Saved from Nazi Horrors
2026-06-02 22:53:09,519 - INFO - Scraped: Orchestra of Exiles: The Story of Bronislaw Huberman, the Israel Philharmonic, and the One Thousand Jews He Saved from Nazi Horrors
2026-06-02 22:53:09 - INFO - Scraped: No One Here Gets Out Alive
2026-06-02 22:53:09,520 - INFO - Scraped: No One Here Gets Out Alive
2026-06-02 22:53:09 - INFO - Scraped: Night Shift (Night Shift #1-20)
2026-06-02 22:53:09,522 - INFO - Scraped: Night Shift (Night Shift #1-20)
2026-06-02 22:53:09 - INFO - Scraped: Needful Things
2026-06-02 22:53:09,523 - INFO - Scraped: Needful Things
2026-06-02 22:53:09 - INFO - Scraped: Mockingjay (The Hunger Games #3)
2026-06-02 22:53:09,524 - INFO - Scraped: Mockingjay (The Hunger Games #3)
2026-06-02 22:53:09 - INFO - Scraped: Misery
2026-06-02 22:53:09,525 - INFO - Scraped: Misery
2026-06-02 22:53:09 - INFO - Scraped: Little Women (Little Women #1)
2026-06-02 22:53:09,527 - INFO - Scraped: Little Women (Little Women #1)
2026-06-02 22:53:09 - INFO - Scraped: It
2026-06-02 22:53:09,528 - INFO - Scraped: It
2026-06-02 22:53:09 - INFO - Scraped: Harry Potter and the Sorcerer's Stone (Harry Potter #1)
2026-06-02 22:53:09,529 - INFO - Scraped: Harry Potter and the Sorcerer's Stone (Harry Potter #1)
2026-06-02 22:53:09 - INFO - Scraped: Harry Potter and the Prisoner of Azkaban (Harry Potter #3)
2026-06-02 22:53:09,530 - INFO - Scraped: Harry Potter and the Prisoner of Azkaban (Harry Potter #3)
2026-06-02 22:53:09 - INFO - Scraped: Harry Potter and the Order of the Phoenix (Harry Potter #5)
2026-06-02 22:53:09,531 - INFO - Scraped: Harry Potter and the Order of the Phoenix (Harry Potter #5)
2026-06-02 22:53:09 - INFO - Scraped: Harry Potter and the Half-Blood Prince (Harry Potter #6)
2026-06-02 22:53:09,532 - INFO - Scraped: Harry Potter and the Half-Blood Prince (Harry Potter #6)
2026-06-02 22:53:09 - INFO - Scraped: Harry Potter and the Chamber of Secrets (Harry Potter #2)
2026-06-02 22:53:09,533 - INFO - Scraped: Harry Potter and the Chamber of Secrets (Harry Potter #2)
2026-06-02 22:53:09 - INFO - Scraped: Gone with the Wind
2026-06-02 22:53:09,536 - INFO - Scraped: Gone with the Wind
2026-06-02 22:53:09 - INFO - Scraped: God Is Not Great: How Religion Poisons Everything
2026-06-02 22:53:09,538 - INFO - Scraped: God Is Not Great: How Religion Poisons Everything
2026-06-02 22:53:09 - INFO - Scraped: Girl With a Pearl Earring
2026-06-02 22:53:09,539 - INFO - Scraped: Girl With a Pearl Earring
2026-06-02 22:53:09 - INFO - Scraped: Fruits Basket, Vol. 4 (Fruits Basket #4)
2026-06-02 22:53:09,541 - INFO - Scraped: Fruits Basket, Vol. 4 (Fruits Basket #4)
2026-06-02 22:53:11 - INFO - Requesting URL: https://books.toscrape.com/catalogue/page-35.html | Status Code: 200
2026-06-02 22:53:11,603 - INFO - Requesting URL: https://books.toscrape.com/catalogue/page-35.html | Status Code: 200
2026-06-02 22:53:11 - INFO - Scraped: Far From True (Promise Falls Trilogy #2)
2026-06-02 22:53:11,659 - INFO - Scraped: Far From True (Promise Falls Trilogy #2)
2026-06-02 22:53:11 - INFO - Scraped: Dark Lover (Black Dagger Brotherhood #1)
2026-06-02 22:53:11,660 - INFO - Scraped: Dark Lover (Black Dagger Brotherhood #1)
2026-06-02 22:53:11 - INFO - Scraped: Confessions of a Shopaholic (Shopaholic #1)
2026-06-02 22:53:11,661 - INFO - Scraped: Confessions of a Shopaholic (Shopaholic #1)
2026-06-02 22:53:11 - INFO - Scraped: Changing the Game (Play by Play #2)
2026-06-02 22:53:11,662 - INFO - Scraped: Changing the Game (Play by Play #2)
2026-06-02 22:53:11 - INFO - Scraped: Candide
2026-06-02 22:53:11,663 - INFO - Scraped: Candide
2026-06-02 22:53:11 - INFO - Scraped: Can You Keep a Secret?
2026-06-02 22:53:11,664 - INFO - Scraped: Can You Keep a Secret?
2026-06-02 22:53:11 - INFO - Scraped: Atlas Shrugged
2026-06-02 22:53:11,666 - INFO - Scraped: Atlas Shrugged
2026-06-02 22:53:11 - INFO - Scraped: Animal Farm
2026-06-02 22:53:11,667 - INFO - Scraped: Animal Farm
2026-06-02 22:53:11 - INFO - Scraped: A Walk to Remember
2026-06-02 22:53:11,667 - INFO - Scraped: A Walk to Remember
2026-06-02 22:53:11 - INFO - Scraped: A New Earth: Awakening to Your Life's Purpose
2026-06-02 22:53:11,668 - INFO - Scraped: A New Earth: Awakening to Your Life's Purpose
2026-06-02 22:53:11 - INFO - Scraped: A History of God: The 4,000-Year Quest of Judaism, Christianity, and Islam
2026-06-02 22:53:11,669 - INFO - Scraped: A History of God: The 4,000-Year Quest of Judaism, Christianity, and Islam
2026-06-02 22:53:11 - INFO - Scraped: 'Salem's Lot
2026-06-02 22:53:11,670 - INFO - Scraped: 'Salem's Lot
2026-06-02 22:53:11 - INFO - Scraped: Zero History (Blue Ant #3)
2026-06-02 22:53:11,672 - INFO - Scraped: Zero History (Blue Ant #3)
2026-06-02 22:53:11 - INFO - Scraped: Wuthering Heights
2026-06-02 22:53:11,673 - INFO - Scraped: Wuthering Heights
2026-06-02 22:53:11 - INFO - Scraped: World War Z: An Oral History of the Zombie War
2026-06-02 22:53:11,674 - INFO - Scraped: World War Z: An Oral History of the Zombie War
2026-06-02 22:53:11 - INFO - Scraped: Wild: From Lost to Found on the Pacific Crest Trail
2026-06-02 22:53:11,675 - INFO - Scraped: Wild: From Lost to Found on the Pacific Crest Trail
2026-06-02 22:53:11 - INFO - Scraped: Where'd You Go, Bernadette
2026-06-02 22:53:11,676 - INFO - Scraped: Where'd You Go, Bernadette
2026-06-02 22:53:11 - INFO - Scraped: When You Are Engulfed in Flames
2026-06-02 22:53:11,678 - INFO - Scraped: When You Are Engulfed in Flames
2026-06-02 22:53:11 - INFO - Scraped: We the People: The Modern-Day Figures Who Have Reshaped and Affirmed the Founding Fathers' Vision of America
2026-06-02 22:53:11,679 - INFO - Scraped: We the People: The Modern-Day Figures Who Have Reshaped and Affirmed the Founding Fathers' Vision of America
2026-06-02 22:53:11 - INFO - Scraped: We Are All Completely Beside Ourselves
2026-06-02 22:53:11,681 - INFO - Scraped: We Are All Completely Beside Ourselves
2026-06-02 22:53:13 - INFO - Requesting URL: https://books.toscrape.com/catalogue/page-36.html | Status Code: 200
2026-06-02 22:53:13,754 - INFO - Requesting URL: https://books.toscrape.com/catalogue/page-36.html | Status Code: 200
2026-06-02 22:53:13 - INFO - Scraped: Walk the Edge (Thunder Road #2)
2026-06-02 22:53:13,813 - INFO - Scraped: Walk the Edge (Thunder Road #2)
2026-06-02 22:53:13 - INFO - Scraped: Voyager (Outlander #3)
2026-06-02 22:53:13,815 - INFO - Scraped: Voyager (Outlander #3)
2026-06-02 22:53:13 - INFO - Scraped: Very Good Lives: The Fringe Benefits of Failure and the Importance of Imagination
2026-06-02 22:53:13,816 - INFO - Scraped: Very Good Lives: The Fringe Benefits of Failure and the Importance of Imagination
2026-06-02 22:53:13 - INFO - Scraped: Vegan Vegetarian Omnivore: Dinner for Everyone at the Table
2026-06-02 22:53:13,816 - INFO - Scraped: Vegan Vegetarian Omnivore: Dinner for Everyone at the Table
2026-06-02 22:53:13 - INFO - Scraped: Unstuffed: Decluttering Your Home, Mind, and Soul
2026-06-02 22:53:13,818 - INFO - Scraped: Unstuffed: Decluttering Your Home, Mind, and Soul
2026-06-02 22:53:13 - INFO - Scraped: Under the Banner of Heaven: A Story of Violent Faith
2026-06-02 22:53:13,820 - INFO - Scraped: Under the Banner of Heaven: A Story of Violent Faith
2026-06-02 22:53:13 - INFO - Scraped: Two Boys Kissing
2026-06-02 22:53:13,821 - INFO - Scraped: Two Boys Kissing
2026-06-02 22:53:13 - INFO - Scraped: Twilight (Twilight #1)
2026-06-02 22:53:13,823 - INFO - Scraped: Twilight (Twilight #1)
2026-06-02 22:53:13 - INFO - Scraped: Twenties Girl
2026-06-02 22:53:13,824 - INFO - Scraped: Twenties Girl
2026-06-02 22:53:13 - INFO - Scraped: Trespassing Across America: One Man's Epic, Never-Done-Before (and Sort of Illegal) Hike Across the Heartland
2026-06-02 22:53:13,826 - INFO - Scraped: Trespassing Across America: One Man's Epic, Never-Done-Before (and Sort of Illegal) Hike Across the Heartland
2026-06-02 22:53:13 - INFO - Scraped: Three-Martini Lunch
2026-06-02 22:53:13,827 - INFO - Scraped: Three-Martini Lunch
2026-06-02 22:53:13 - INFO - Scraped: Thinking, Fast and Slow
2026-06-02 22:53:13,828 - INFO - Scraped: Thinking, Fast and Slow
2026-06-02 22:53:13 - INFO - Scraped: The Wild Robot
2026-06-02 22:53:13,832 - INFO - Scraped: The Wild Robot
2026-06-02 22:53:13 - INFO - Scraped: The Wicked + The Divine, Vol. 3: Commercial Suicide (The Wicked + The Divine)
2026-06-02 22:53:13,834 - INFO - Scraped: The Wicked + The Divine, Vol. 3: Commercial Suicide (The Wicked + The Divine)
2026-06-02 22:53:13 - INFO - Scraped: The Undomestic Goddess
2026-06-02 22:53:13,835 - INFO - Scraped: The Undomestic Goddess
2026-06-02 22:53:13 - INFO - Scraped: The Travelers
2026-06-02 22:53:13,836 - INFO - Scraped: The Travelers
2026-06-02 22:53:13 - INFO - Scraped: The Tipping Point: How Little Things Can Make a Big Difference
2026-06-02 22:53:13,837 - INFO - Scraped: The Tipping Point: How Little Things Can Make a Big Difference
2026-06-02 22:53:13 - INFO - Scraped: The Thing About Jellyfish
2026-06-02 22:53:13,840 - INFO - Scraped: The Thing About Jellyfish
2026-06-02 22:53:13 - INFO - Scraped: The Stand
2026-06-02 22:53:13,842 - INFO - Scraped: The Stand
2026-06-02 22:53:13 - INFO - Scraped: The Smitten Kitchen Cookbook
2026-06-02 22:53:13,843 - INFO - Scraped: The Smitten Kitchen Cookbook
2026-06-02 22:53:15 - INFO - Requesting URL: https://books.toscrape.com/catalogue/page-37.html | Status Code: 200
2026-06-02 22:53:15,763 - INFO - Requesting URL: https://books.toscrape.com/catalogue/page-37.html | Status Code: 200
2026-06-02 22:53:15 - INFO - Scraped: The Silkworm (Cormoran Strike #2)
2026-06-02 22:53:15,817 - INFO - Scraped: The Silkworm (Cormoran Strike #2)
2026-06-02 22:53:15 - INFO - Scraped: The Sandman, Vol. 3: Dream Country (The Sandman (volumes) #3)
2026-06-02 22:53:15,819 - INFO - Scraped: The Sandman, Vol. 3: Dream Country (The Sandman (volumes) #3)
2026-06-02 22:53:15 - INFO - Scraped: The Rose & the Dagger (The Wrath and the Dawn #2)
2026-06-02 22:53:15,820 - INFO - Scraped: The Rose & the Dagger (The Wrath and the Dawn #2)
2026-06-02 22:53:15 - INFO - Scraped: The Road to Little Dribbling: Adventures of an American in Britain (Notes From a Small Island #2)
2026-06-02 22:53:15,821 - INFO - Scraped: The Road to Little Dribbling: Adventures of an American in Britain (Notes From a Small Island #2)
2026-06-02 22:53:15 - INFO - Scraped: The Rise of Theodore Roosevelt (Theodore Roosevelt #1)
2026-06-02 22:53:15,822 - INFO - Scraped: The Rise of Theodore Roosevelt (Theodore Roosevelt #1)
2026-06-02 22:53:15 - INFO - Scraped: The Restaurant at the End of the Universe (Hitchhiker's Guide to the Galaxy #2)
2026-06-02 22:53:15,824 - INFO - Scraped: The Restaurant at the End of the Universe (Hitchhiker's Guide to the Galaxy #2)
2026-06-02 22:53:15 - INFO - Scraped: The Rest Is Noise: Listening to the Twentieth Century
2026-06-02 22:53:15,825 - INFO - Scraped: The Rest Is Noise: Listening to the Twentieth Century
2026-06-02 22:53:15 - INFO - Scraped: The Red Tent
2026-06-02 22:53:15,825 - INFO - Scraped: The Red Tent
2026-06-02 22:53:15 - INFO - Scraped: The Purpose Driven Life: What on Earth Am I Here for?
2026-06-02 22:53:15,826 - INFO - Scraped: The Purpose Driven Life: What on Earth Am I Here for?
2026-06-02 22:53:15 - INFO - Scraped: The Purest Hook (Second Circle Tattoos #3)
2026-06-02 22:53:15,827 - INFO - Scraped: The Purest Hook (Second Circle Tattoos #3)
2026-06-02 22:53:15 - INFO - Scraped: The Picture of Dorian Gray
2026-06-02 22:53:15,828 - INFO - Scraped: The Picture of Dorian Gray
2026-06-02 22:53:15 - INFO - Scraped: The Paris Wife
2026-06-02 22:53:15,830 - INFO - Scraped: The Paris Wife
2026-06-02 22:53:15 - INFO - Scraped: The Obsession
2026-06-02 22:53:15,831 - INFO - Scraped: The Obsession
2026-06-02 22:53:15 - INFO - Scraped: The Nightingale
2026-06-02 22:53:15,832 - INFO - Scraped: The Nightingale
2026-06-02 22:53:15 - INFO - Scraped: The New Guy (and Other Senior Year Distractions)
2026-06-02 22:53:15,833 - INFO - Scraped: The New Guy (and Other Senior Year Distractions)
2026-06-02 22:53:15 - INFO - Scraped: The Nanny Diaries (Nanny #1)
2026-06-02 22:53:15,834 - INFO - Scraped: The Nanny Diaries (Nanny #1)
2026-06-02 22:53:15 - INFO - Scraped: The Name of God is Mercy
2026-06-02 22:53:15,836 - INFO - Scraped: The Name of God is Mercy
2026-06-02 22:53:15 - INFO - Scraped: The Maze Runner (The Maze Runner #1)
2026-06-02 22:53:15,837 - INFO - Scraped: The Maze Runner (The Maze Runner #1)
2026-06-02 22:53:15 - INFO - Scraped: The Lover's Dictionary
2026-06-02 22:53:15,838 - INFO - Scraped: The Lover's Dictionary
2026-06-02 22:53:15 - INFO - Scraped: The Lonely Ones
2026-06-02 22:53:15,839 - INFO - Scraped: The Lonely Ones
2026-06-02 22:53:17 - INFO - Requesting URL: https://books.toscrape.com/catalogue/page-38.html | Status Code: 200
2026-06-02 22:53:17,755 - INFO - Requesting URL: https://books.toscrape.com/catalogue/page-38.html | Status Code: 200
2026-06-02 22:53:17 - INFO - Scraped: The Lean Startup: How Today's Entrepreneurs Use Continuous Innovation to Create Radically Successful Businesses
2026-06-02 22:53:17,811 - INFO - Scraped: The Lean Startup: How Today's Entrepreneurs Use Continuous Innovation to Create Radically Successful Businesses
2026-06-02 22:53:17 - INFO - Scraped: The Last Painting of Sara de Vos
2026-06-02 22:53:17,812 - INFO - Scraped: The Last Painting of Sara de Vos
2026-06-02 22:53:17 - INFO - Scraped: The Land of 10,000 Madonnas
2026-06-02 22:53:17,813 - INFO - Scraped: The Land of 10,000 Madonnas
2026-06-02 22:53:17 - INFO - Scraped: The Infinities
2026-06-02 22:53:17,815 - INFO - Scraped: The Infinities
2026-06-02 22:53:17 - INFO - Scraped: The Husband's Secret
2026-06-02 22:53:17,816 - INFO - Scraped: The Husband's Secret
2026-06-02 22:53:17 - INFO - Scraped: The Hitchhiker's Guide to the Galaxy (Hitchhiker's Guide to the Galaxy #1)
2026-06-02 22:53:17,818 - INFO - Scraped: The Hitchhiker's Guide to the Galaxy (Hitchhiker's Guide to the Galaxy #1)
2026-06-02 22:53:17 - INFO - Scraped: The Guns of August
2026-06-02 22:53:17,819 - INFO - Scraped: The Guns of August
2026-06-02 22:53:17 - INFO - Scraped: The Guernsey Literary and Potato Peel Pie Society
2026-06-02 22:53:17,820 - INFO - Scraped: The Guernsey Literary and Potato Peel Pie Society
2026-06-02 22:53:17 - INFO - Scraped: The Goldfinch
2026-06-02 22:53:17,821 - INFO - Scraped: The Goldfinch
2026-06-02 22:53:17 - INFO - Scraped: The Giver (The Giver Quartet #1)
2026-06-02 22:53:17,823 - INFO - Scraped: The Giver (The Giver Quartet #1)
2026-06-02 22:53:17 - INFO - Scraped: The Girl with All the Gifts
2026-06-02 22:53:17,824 - INFO - Scraped: The Girl with All the Gifts
2026-06-02 22:53:17 - INFO - Scraped: The Girl Who Played with Fire (Millennium Trilogy #2)
2026-06-02 22:53:17,825 - INFO - Scraped: The Girl Who Played with Fire (Millennium Trilogy #2)
2026-06-02 22:53:17 - INFO - Scraped: The Girl Who Kicked the Hornet's Nest (Millennium Trilogy #3)
2026-06-02 22:53:17,829 - INFO - Scraped: The Girl Who Kicked the Hornet's Nest (Millennium Trilogy #3)
2026-06-02 22:53:17 - INFO - Scraped: The Exiled
2026-06-02 22:53:17,831 - INFO - Scraped: The Exiled
2026-06-02 22:53:17 - INFO - Scraped: The End of Faith: Religion, Terror, and the Future of Reason
2026-06-02 22:53:17,833 - INFO - Scraped: The End of Faith: Religion, Terror, and the Future of Reason
2026-06-02 22:53:17 - INFO - Scraped: The Elegant Universe: Superstrings, Hidden Dimensions, and the Quest for the Ultimate Theory
2026-06-02 22:53:17,835 - INFO - Scraped: The Elegant Universe: Superstrings, Hidden Dimensions, and the Quest for the Ultimate Theory
2026-06-02 22:53:17 - INFO - Scraped: The Disappearing Spoon: And Other True Tales of Madness, Love, and the History of the World from the Periodic Table of the Elements
2026-06-02 22:53:17,836 - INFO - Scraped: The Disappearing Spoon: And Other True Tales of Madness, Love, and the History of the World from the Periodic Table of the Elements
2026-06-02 22:53:17 - INFO - Scraped: The Devil Wears Prada (The Devil Wears Prada #1)
2026-06-02 22:53:17,838 - INFO - Scraped: The Devil Wears Prada (The Devil Wears Prada #1)
2026-06-02 22:53:17 - INFO - Scraped: The Demon-Haunted World: Science as a Candle in the Dark
2026-06-02 22:53:17,839 - INFO - Scraped: The Demon-Haunted World: Science as a Candle in the Dark
2026-06-02 22:53:17 - INFO - Scraped: The Day the Crayons Came Home (Crayons)
2026-06-02 22:53:17,841 - INFO - Scraped: The Day the Crayons Came Home (Crayons)
2026-06-02 22:53:19 - INFO - Requesting URL: https://books.toscrape.com/catalogue/page-39.html | Status Code: 200
2026-06-02 22:53:19,757 - INFO - Requesting URL: https://books.toscrape.com/catalogue/page-39.html | Status Code: 200
2026-06-02 22:53:19 - INFO - Scraped: The Da Vinci Code (Robert Langdon #2)
2026-06-02 22:53:19,810 - INFO - Scraped: The Da Vinci Code (Robert Langdon #2)
2026-06-02 22:53:19 - INFO - Scraped: The Cuckoo's Calling (Cormoran Strike #1)
2026-06-02 22:53:19,811 - INFO - Scraped: The Cuckoo's Calling (Cormoran Strike #1)
2026-06-02 22:53:19 - INFO - Scraped: The Complete Stories and Poems (The Works of Edgar Allan Poe [Cameo Edition])
2026-06-02 22:53:19,812 - INFO - Scraped: The Complete Stories and Poems (The Works of Edgar Allan Poe [Cameo Edition])
2026-06-02 22:53:19 - INFO - Scraped: The Complete Poems
2026-06-02 22:53:19,813 - INFO - Scraped: The Complete Poems
2026-06-02 22:53:19 - INFO - Scraped: The Catcher in the Rye
2026-06-02 22:53:19,815 - INFO - Scraped: The Catcher in the Rye
2026-06-02 22:53:19 - INFO - Scraped: The Cat in the Hat (Beginner Books B-1)
2026-06-02 22:53:19,816 - INFO - Scraped: The Cat in the Hat (Beginner Books B-1)
2026-06-02 22:53:19 - INFO - Scraped: The Case for Christ (Cases for Christianity)
2026-06-02 22:53:19,817 - INFO - Scraped: The Case for Christ (Cases for Christianity)
2026-06-02 22:53:19 - INFO - Scraped: The Book Thief
2026-06-02 22:53:19,818 - INFO - Scraped: The Book Thief
2026-06-02 22:53:19 - INFO - Scraped: The Book of Basketball: The NBA According to The Sports Guy
2026-06-02 22:53:19,818 - INFO - Scraped: The Book of Basketball: The NBA According to The Sports Guy
2026-06-02 22:53:19 - INFO - Scraped: The Blind Side: Evolution of a Game
2026-06-02 22:53:19,819 - INFO - Scraped: The Blind Side: Evolution of a Game
2026-06-02 22:53:19 - INFO - Scraped: The Autobiography of Malcolm X
2026-06-02 22:53:19,820 - INFO - Scraped: The Autobiography of Malcolm X
2026-06-02 22:53:19 - INFO - Scraped: The Art of Simple Food: Notes, Lessons, and Recipes from a Delicious Revolution
2026-06-02 22:53:19,822 - INFO - Scraped: The Art of Simple Food: Notes, Lessons, and Recipes from a Delicious Revolution
2026-06-02 22:53:19 - INFO - Scraped: The Art of Fielding
2026-06-02 22:53:19,823 - INFO - Scraped: The Art of Fielding
2026-06-02 22:53:19 - INFO - Scraped: Surely You're Joking, Mr. Feynman!: Adventures of a Curious Character
2026-06-02 22:53:19,824 - INFO - Scraped: Surely You're Joking, Mr. Feynman!: Adventures of a Curious Character
2026-06-02 22:53:19 - INFO - Scraped: Stiff: The Curious Lives of Human Cadavers
2026-06-02 22:53:19,825 - INFO - Scraped: Stiff: The Curious Lives of Human Cadavers
2026-06-02 22:53:19 - INFO - Scraped: Spilled Milk: Based on a True Story
2026-06-02 22:53:19,826 - INFO - Scraped: Spilled Milk: Based on a True Story
2026-06-02 22:53:19 - INFO - Scraped: Something Borrowed (Darcy & Rachel #1)
2026-06-02 22:53:19,827 - INFO - Scraped: Something Borrowed (Darcy & Rachel #1)
2026-06-02 22:53:19 - INFO - Scraped: Something Blue (Darcy & Rachel #2)
2026-06-02 22:53:19,829 - INFO - Scraped: Something Blue (Darcy & Rachel #2)
2026-06-02 22:53:19 - INFO - Scraped: Soldier (Talon #3)
2026-06-02 22:53:19,830 - INFO - Scraped: Soldier (Talon #3)
2026-06-02 22:53:19 - INFO - Scraped: Shopaholic & Baby (Shopaholic #5)
2026-06-02 22:53:19,832 - INFO - Scraped: Shopaholic & Baby (Shopaholic #5)
2026-06-02 22:53:21 - INFO - Requesting URL: https://books.toscrape.com/catalogue/page-40.html | Status Code: 200
2026-06-02 22:53:21,827 - INFO - Requesting URL: https://books.toscrape.com/catalogue/page-40.html | Status Code: 200
2026-06-02 22:53:21 - INFO - Scraped: Seven Days in the Art World
2026-06-02 22:53:21,887 - INFO - Scraped: Seven Days in the Art World
2026-06-02 22:53:21 - INFO - Scraped: Seven Brief Lessons on Physics
2026-06-02 22:53:21,889 - INFO - Scraped: Seven Brief Lessons on Physics
2026-06-02 22:53:21 - INFO - Scraped: Scarlet (The Lunar Chronicles #2)
2026-06-02 22:53:21,889 - INFO - Scraped: Scarlet (The Lunar Chronicles #2)
2026-06-02 22:53:21 - INFO - Scraped: Sarah's Key
2026-06-02 22:53:21,890 - INFO - Scraped: Sarah's Key
2026-06-02 22:53:21 - INFO - Scraped: Saga, Volume 3 (Saga (Collected Editions) #3)
2026-06-02 22:53:21,891 - INFO - Scraped: Saga, Volume 3 (Saga (Collected Editions) #3)
2026-06-02 22:53:21 - INFO - Scraped: Running with Scissors
2026-06-02 22:53:21,892 - INFO - Scraped: Running with Scissors
2026-06-02 22:53:21 - INFO - Scraped: Rogue Lawyer (Rogue Lawyer #1)
2026-06-02 22:53:21,893 - INFO - Scraped: Rogue Lawyer (Rogue Lawyer #1)
2026-06-02 22:53:21 - INFO - Scraped: Rise of the Rocket Girls: The Women Who Propelled Us, from Missiles to the Moon to Mars
2026-06-02 22:53:21,894 - INFO - Scraped: Rise of the Rocket Girls: The Women Who Propelled Us, from Missiles to the Moon to Mars
2026-06-02 22:53:21 - INFO - Scraped: Rework
2026-06-02 22:53:21,896 - INFO - Scraped: Rework
2026-06-02 22:53:21 - INFO - Scraped: Reservations for Two
2026-06-02 22:53:21,897 - INFO - Scraped: Reservations for Two
2026-06-02 22:53:21 - INFO - Scraped: Red: The True Story of Red Riding Hood
2026-06-02 22:53:21,898 - INFO - Scraped: Red: The True Story of Red Riding Hood
2026-06-02 22:53:21 - INFO - Scraped: Ready Player One
2026-06-02 22:53:21,900 - INFO - Scraped: Ready Player One
2026-06-02 22:53:21 - INFO - Scraped: Quiet: The Power of Introverts in a World That Can't Stop Talking
2026-06-02 22:53:21,901 - INFO - Scraped: Quiet: The Power of Introverts in a World That Can't Stop Talking
2026-06-02 22:53:21 - INFO - Scraped: Prodigy: The Graphic Novel (Legend: The Graphic Novel #2)
2026-06-02 22:53:21,904 - INFO - Scraped: Prodigy: The Graphic Novel (Legend: The Graphic Novel #2)
2026-06-02 22:53:21 - INFO - Scraped: Persepolis: The Story of a Childhood (Persepolis #1-2)
2026-06-02 22:53:21,906 - INFO - Scraped: Persepolis: The Story of a Childhood (Persepolis #1-2)
2026-06-02 22:53:21 - INFO - Scraped: Packing for Mars: The Curious Science of Life in the Void
2026-06-02 22:53:21,907 - INFO - Scraped: Packing for Mars: The Curious Science of Life in the Void
2026-06-02 22:53:21 - INFO - Scraped: Outliers: The Story of Success
2026-06-02 22:53:21,908 - INFO - Scraped: Outliers: The Story of Success
2026-06-02 22:53:21 - INFO - Scraped: Original Fake
2026-06-02 22:53:21,909 - INFO - Scraped: Original Fake
2026-06-02 22:53:21 - INFO - Scraped: Orange Is the New Black
2026-06-02 22:53:21,912 - INFO - Scraped: Orange Is the New Black
2026-06-02 22:53:21 - INFO - Scraped: One for the Money (Stephanie Plum #1)
2026-06-02 22:53:21,914 - INFO - Scraped: One for the Money (Stephanie Plum #1)
2026-06-02 22:53:23 - INFO - Requesting URL: https://books.toscrape.com/catalogue/page-41.html | Status Code: 200
2026-06-02 22:53:23,792 - INFO - Requesting URL: https://books.toscrape.com/catalogue/page-41.html | Status Code: 200
2026-06-02 22:53:23 - INFO - Scraped: Notes from a Small Island (Notes From a Small Island #1)
2026-06-02 22:53:23,847 - INFO - Scraped: Notes from a Small Island (Notes From a Small Island #1)
2026-06-02 22:53:23 - INFO - Scraped: Night (The Night Trilogy #1)
2026-06-02 22:53:23,848 - INFO - Scraped: Night (The Night Trilogy #1)
2026-06-02 22:53:23 - INFO - Scraped: Neither Here nor There: Travels in Europe
2026-06-02 22:53:23,849 - INFO - Scraped: Neither Here nor There: Travels in Europe
2026-06-02 22:53:23 - INFO - Scraped: Naked
2026-06-02 22:53:23,850 - INFO - Scraped: Naked
2026-06-02 22:53:23 - INFO - Scraped: Morning Star (Red Rising #3)
2026-06-02 22:53:23,851 - INFO - Scraped: Morning Star (Red Rising #3)
2026-06-02 22:53:23 - INFO - Scraped: Miracles from Heaven: A Little Girl, Her Journey to Heaven, and Her Amazing Story of Healing
2026-06-02 22:53:23,853 - INFO - Scraped: Miracles from Heaven: A Little Girl, Her Journey to Heaven, and Her Amazing Story of Healing
2026-06-02 22:53:23 - INFO - Scraped: Midnight Riot (Peter Grant/ Rivers of London - books #1)
2026-06-02 22:53:23,854 - INFO - Scraped: Midnight Riot (Peter Grant/ Rivers of London - books #1)
2026-06-02 22:53:23 - INFO - Scraped: Me Talk Pretty One Day
2026-06-02 22:53:23,855 - INFO - Scraped: Me Talk Pretty One Day
2026-06-02 22:53:23 - INFO - Scraped: Manuscript Found in Accra
2026-06-02 22:53:23,856 - INFO - Scraped: Manuscript Found in Accra
2026-06-02 22:53:23 - INFO - Scraped: Lust & Wonder
2026-06-02 22:53:23,858 - INFO - Scraped: Lust & Wonder
2026-06-02 22:53:23 - INFO - Scraped: Lila (Gilead #3)
2026-06-02 22:53:23,860 - INFO - Scraped: Lila (Gilead #3)
2026-06-02 22:53:23 - INFO - Scraped: Life, the Universe and Everything (Hitchhiker's Guide to the Galaxy #3)
2026-06-02 22:53:23,861 - INFO - Scraped: Life, the Universe and Everything (Hitchhiker's Guide to the Galaxy #3)
2026-06-02 22:53:23 - INFO - Scraped: Life Without a Recipe
2026-06-02 22:53:23,862 - INFO - Scraped: Life Without a Recipe
2026-06-02 22:53:23 - INFO - Scraped: Life After Life
2026-06-02 22:53:23,865 - INFO - Scraped: Life After Life
2026-06-02 22:53:23 - INFO - Scraped: Letter to a Christian Nation
2026-06-02 22:53:23,867 - INFO - Scraped: Letter to a Christian Nation
2026-06-02 22:53:23 - INFO - Scraped: Let's Pretend This Never Happened: A Mostly True Memoir
2026-06-02 22:53:23,869 - INFO - Scraped: Let's Pretend This Never Happened: A Mostly True Memoir
2026-06-02 22:53:23 - INFO - Scraped: Legend (Legend #1)
2026-06-02 22:53:23,870 - INFO - Scraped: Legend (Legend #1)
2026-06-02 22:53:23 - INFO - Scraped: Lean In: Women, Work, and the Will to Lead
2026-06-02 22:53:23,871 - INFO - Scraped: Lean In: Women, Work, and the Will to Lead
2026-06-02 22:53:23 - INFO - Scraped: Lamb: The Gospel According to Biff, Christ's Childhood Pal
2026-06-02 22:53:23,872 - INFO - Scraped: Lamb: The Gospel According to Biff, Christ's Childhood Pal
2026-06-02 22:53:23 - INFO - Scraped: Lady Renegades (Rebel Belle #3)
2026-06-02 22:53:23,874 - INFO - Scraped: Lady Renegades (Rebel Belle #3)
2026-06-02 22:53:25 - INFO - Requesting URL: https://books.toscrape.com/catalogue/page-42.html | Status Code: 200
2026-06-02 22:53:25,795 - INFO - Requesting URL: https://books.toscrape.com/catalogue/page-42.html | Status Code: 200
2026-06-02 22:53:25 - INFO - Scraped: Jurassic Park (Jurassic Park #1)
2026-06-02 22:53:25,850 - INFO - Scraped: Jurassic Park (Jurassic Park #1)
2026-06-02 22:53:25 - INFO - Scraped: It's Never Too Late to Begin Again: Discovering Creativity and Meaning at Midlife and Beyond
2026-06-02 22:53:25,851 - INFO - Scraped: It's Never Too Late to Begin Again: Discovering Creativity and Meaning at Midlife and Beyond
2026-06-02 22:53:25 - INFO - Scraped: Is Everyone Hanging Out Without Me? (And Other Concerns)
2026-06-02 22:53:25,852 - INFO - Scraped: Is Everyone Hanging Out Without Me? (And Other Concerns)
2026-06-02 22:53:25 - INFO - Scraped: Into the Wild
2026-06-02 22:53:25,853 - INFO - Scraped: Into the Wild
2026-06-02 22:53:25 - INFO - Scraped: Inferno (Robert Langdon #4)
2026-06-02 22:53:25,854 - INFO - Scraped: Inferno (Robert Langdon #4)
2026-06-02 22:53:25 - INFO - Scraped: In the Garden of Beasts: Love, Terror, and an American Family in Hitler's Berlin
2026-06-02 22:53:25,855 - INFO - Scraped: In the Garden of Beasts: Love, Terror, and an American Family in Hitler's Berlin
2026-06-02 22:53:25 - INFO - Scraped: If I Run (If I Run #1)
2026-06-02 22:53:25,857 - INFO - Scraped: If I Run (If I Run #1)
2026-06-02 22:53:25 - INFO - Scraped: I've Got Your Number
2026-06-02 22:53:25,858 - INFO - Scraped: I've Got Your Number
2026-06-02 22:53:25 - INFO - Scraped: I Am Malala: The Girl Who Stood Up for Education and Was Shot by the Taliban
2026-06-02 22:53:25,859 - INFO - Scraped: I Am Malala: The Girl Who Stood Up for Education and Was Shot by the Taliban
2026-06-02 22:53:25 - INFO - Scraped: Hungry Girl Clean & Hungry: Easy All-Natural Recipes for Healthy Eating in the Real World
2026-06-02 22:53:25,860 - INFO - Scraped: Hungry Girl Clean & Hungry: Easy All-Natural Recipes for Healthy Eating in the Real World
2026-06-02 22:53:25 - INFO - Scraped: House of Lost Worlds: Dinosaurs, Dynasties, and the Story of Life on Earth
2026-06-02 22:53:25,861 - INFO - Scraped: House of Lost Worlds: Dinosaurs, Dynasties, and the Story of Life on Earth
2026-06-02 22:53:25 - INFO - Scraped: House of Leaves
2026-06-02 22:53:25,862 - INFO - Scraped: House of Leaves
2026-06-02 22:53:25 - INFO - Scraped: Horrible Bear!
2026-06-02 22:53:25,863 - INFO - Scraped: Horrible Bear!
2026-06-02 22:53:25 - INFO - Scraped: Holidays on Ice
2026-06-02 22:53:25,864 - INFO - Scraped: Holidays on Ice
2026-06-02 22:53:25 - INFO - Scraped: Heir to the Sky
2026-06-02 22:53:25,865 - INFO - Scraped: Heir to the Sky
2026-06-02 22:53:25 - INFO - Scraped: Green Eggs and Ham (Beginner Books B-16)
2026-06-02 22:53:25,866 - INFO - Scraped: Green Eggs and Ham (Beginner Books B-16)
2026-06-02 22:53:25 - INFO - Scraped: Grayson, Vol 3: Nemesis (Grayson #3)
2026-06-02 22:53:25,867 - INFO - Scraped: Grayson, Vol 3: Nemesis (Grayson #3)
2026-06-02 22:53:25 - INFO - Scraped: Gratitude
2026-06-02 22:53:25,868 - INFO - Scraped: Gratitude
2026-06-02 22:53:25 - INFO - Scraped: Gone Girl
2026-06-02 22:53:25,869 - INFO - Scraped: Gone Girl
2026-06-02 22:53:25 - INFO - Scraped: Golden (Heart of Dread #3)
2026-06-02 22:53:25,871 - INFO - Scraped: Golden (Heart of Dread #3)
2026-06-02 22:53:27 - INFO - Requesting URL: https://books.toscrape.com/catalogue/page-43.html | Status Code: 200
2026-06-02 22:53:27,910 - INFO - Requesting URL: https://books.toscrape.com/catalogue/page-43.html | Status Code: 200
2026-06-02 22:53:27 - INFO - Scraped: Girl in the Blue Coat
2026-06-02 22:53:27,966 - INFO - Scraped: Girl in the Blue Coat
2026-06-02 22:53:27 - INFO - Scraped: Fruits Basket, Vol. 3 (Fruits Basket #3)
2026-06-02 22:53:27,968 - INFO - Scraped: Fruits Basket, Vol. 3 (Fruits Basket #3)
2026-06-02 22:53:27 - INFO - Scraped: Friday Night Lights: A Town, a Team, and a Dream
2026-06-02 22:53:27,970 - INFO - Scraped: Friday Night Lights: A Town, a Team, and a Dream
2026-06-02 22:53:27 - INFO - Scraped: Fire Bound (Sea Haven/Sisters of the Heart #5)
2026-06-02 22:53:27,971 - INFO - Scraped: Fire Bound (Sea Haven/Sisters of the Heart #5)
2026-06-02 22:53:27 - INFO - Scraped: Fifty Shades Freed (Fifty Shades #3)
2026-06-02 22:53:27,972 - INFO - Scraped: Fifty Shades Freed (Fifty Shades #3)
2026-06-02 22:53:27 - INFO - Scraped: Fellside
2026-06-02 22:53:27,974 - INFO - Scraped: Fellside
2026-06-02 22:53:27 - INFO - Scraped: Extreme Prey (Lucas Davenport #26)
2026-06-02 22:53:27,976 - INFO - Scraped: Extreme Prey (Lucas Davenport #26)
2026-06-02 22:53:27 - INFO - Scraped: Eragon (The Inheritance Cycle #1)
2026-06-02 22:53:27,977 - INFO - Scraped: Eragon (The Inheritance Cycle #1)
2026-06-02 22:53:27 - INFO - Scraped: Eclipse (Twilight #3)
2026-06-02 22:53:27,979 - INFO - Scraped: Eclipse (Twilight #3)
2026-06-02 22:53:27 - INFO - Scraped: Dune (Dune #1)
2026-06-02 22:53:27,980 - INFO - Scraped: Dune (Dune #1)
2026-06-02 22:53:27 - INFO - Scraped: Dracula
2026-06-02 22:53:27,982 - INFO - Scraped: Dracula
2026-06-02 22:53:27 - INFO - Scraped: Do Androids Dream of Electric Sheep? (Blade Runner #1)
2026-06-02 22:53:27,984 - INFO - Scraped: Do Androids Dream of Electric Sheep? (Blade Runner #1)
2026-06-02 22:53:27 - INFO - Scraped: Disrupted: My Misadventure in the Start-Up Bubble
2026-06-02 22:53:27,986 - INFO - Scraped: Disrupted: My Misadventure in the Start-Up Bubble
2026-06-02 22:53:27 - INFO - Scraped: Dead Wake: The Last Crossing of the Lusitania
2026-06-02 22:53:27,988 - INFO - Scraped: Dead Wake: The Last Crossing of the Lusitania
2026-06-02 22:53:27 - INFO - Scraped: David and Goliath: Underdogs, Misfits, and the Art of Battling Giants
2026-06-02 22:53:27,989 - INFO - Scraped: David and Goliath: Underdogs, Misfits, and the Art of Battling Giants
2026-06-02 22:53:27 - INFO - Scraped: Darkfever (Fever #1)
2026-06-02 22:53:27,990 - INFO - Scraped: Darkfever (Fever #1)
2026-06-02 22:53:27 - INFO - Scraped: Dark Places
2026-06-02 22:53:27,991 - INFO - Scraped: Dark Places
2026-06-02 22:53:27 - INFO - Scraped: Crazy Rich Asians (Crazy Rich Asians #1)
2026-06-02 22:53:27,992 - INFO - Scraped: Crazy Rich Asians (Crazy Rich Asians #1)
2026-06-02 22:53:27 - INFO - Scraped: Counting Thyme
2026-06-02 22:53:27,995 - INFO - Scraped: Counting Thyme
2026-06-02 22:53:27 - INFO - Scraped: Cosmos
2026-06-02 22:53:27,997 - INFO - Scraped: Cosmos
2026-06-02 22:53:29 - INFO - Requesting URL: https://books.toscrape.com/catalogue/page-44.html | Status Code: 200
2026-06-02 22:53:29,910 - INFO - Requesting URL: https://books.toscrape.com/catalogue/page-44.html | Status Code: 200
2026-06-02 22:53:29 - INFO - Scraped: Civilization and Its Discontents
2026-06-02 22:53:29,967 - INFO - Scraped: Civilization and Its Discontents
2026-06-02 22:53:29 - INFO - Scraped: Cinder (The Lunar Chronicles #1)
2026-06-02 22:53:29,968 - INFO - Scraped: Cinder (The Lunar Chronicles #1)
2026-06-02 22:53:29 - INFO - Scraped: Catastrophic Happiness: Finding Joy in Childhood's Messy Years
2026-06-02 22:53:29,969 - INFO - Scraped: Catastrophic Happiness: Finding Joy in Childhood's Messy Years
2026-06-02 22:53:29 - INFO - Scraped: Career of Evil (Cormoran Strike #3)
2026-06-02 22:53:29,970 - INFO - Scraped: Career of Evil (Cormoran Strike #3)
2026-06-02 22:53:29 - INFO - Scraped: Breaking Dawn (Twilight #4)
2026-06-02 22:53:29,971 - INFO - Scraped: Breaking Dawn (Twilight #4)
2026-06-02 22:53:29 - INFO - Scraped: Brave Enough
2026-06-02 22:53:29,972 - INFO - Scraped: Brave Enough
2026-06-02 22:53:29 - INFO - Scraped: Boy Meets Boy
2026-06-02 22:53:29,973 - INFO - Scraped: Boy Meets Boy
2026-06-02 22:53:29 - INFO - Scraped: Born to Run: A Hidden Tribe, Superathletes, and the Greatest Race the World Has Never Seen
2026-06-02 22:53:29,975 - INFO - Scraped: Born to Run: A Hidden Tribe, Superathletes, and the Greatest Race the World Has Never Seen
2026-06-02 22:53:29 - INFO - Scraped: Blink: The Power of Thinking Without Thinking
2026-06-02 22:53:29,976 - INFO - Scraped: Blink: The Power of Thinking Without Thinking
2026-06-02 22:53:29 - INFO - Scraped: Black Flags: The Rise of ISIS
2026-06-02 22:53:29,977 - INFO - Scraped: Black Flags: The Rise of ISIS
2026-06-02 22:53:29 - INFO - Scraped: Black Butler, Vol. 1 (Black Butler #1)
2026-06-02 22:53:29,978 - INFO - Scraped: Black Butler, Vol. 1 (Black Butler #1)
2026-06-02 22:53:29 - INFO - Scraped: Big Little Lies
2026-06-02 22:53:29,979 - INFO - Scraped: Big Little Lies
2026-06-02 22:53:29 - INFO - Scraped: Between Shades of Gray
2026-06-02 22:53:29,980 - INFO - Scraped: Between Shades of Gray
2026-06-02 22:53:29 - INFO - Scraped: Best of My Love (Fool's Gold #20)
2026-06-02 22:53:29,983 - INFO - Scraped: Best of My Love (Fool's Gold #20)
2026-06-02 22:53:29 - INFO - Scraped: Beowulf
2026-06-02 22:53:29,986 - INFO - Scraped: Beowulf
2026-06-02 22:53:29 - INFO - Scraped: Beautiful Creatures (Caster Chronicles #1)
2026-06-02 22:53:29,987 - INFO - Scraped: Beautiful Creatures (Caster Chronicles #1)
2026-06-02 22:53:29 - INFO - Scraped: Awkward
2026-06-02 22:53:29,989 - INFO - Scraped: Awkward
2026-06-02 22:53:29 - INFO - Scraped: Ash
2026-06-02 22:53:29,990 - INFO - Scraped: Ash
2026-06-02 22:53:29 - INFO - Scraped: Are We There Yet?
2026-06-02 22:53:29,991 - INFO - Scraped: Are We There Yet?
2026-06-02 22:53:29 - INFO - Scraped: Are We Smart Enough to Know How Smart Animals Are?
2026-06-02 22:53:29,993 - INFO - Scraped: Are We Smart Enough to Know How Smart Animals Are?
2026-06-02 22:53:31 - INFO - Requesting URL: https://books.toscrape.com/catalogue/page-45.html | Status Code: 200
2026-06-02 22:53:31,950 - INFO - Requesting URL: https://books.toscrape.com/catalogue/page-45.html | Status Code: 200
2026-06-02 22:53:32 - INFO - Scraped: Annie on My Mind
2026-06-02 22:53:32,008 - INFO - Scraped: Annie on My Mind
2026-06-02 22:53:32 - INFO - Scraped: And Then There Were None
2026-06-02 22:53:32,009 - INFO - Scraped: And Then There Were None
2026-06-02 22:53:32 - INFO - Scraped: A Walk in the Woods: Rediscovering America on the Appalachian Trail
2026-06-02 22:53:32,009 - INFO - Scraped: A Walk in the Woods: Rediscovering America on the Appalachian Trail
2026-06-02 22:53:32 - INFO - Scraped: A Visit from the Goon Squad
2026-06-02 22:53:32,010 - INFO - Scraped: A Visit from the Goon Squad
2026-06-02 22:53:32 - INFO - Scraped: A Storm of Swords (A Song of Ice and Fire #3)
2026-06-02 22:53:32,012 - INFO - Scraped: A Storm of Swords (A Song of Ice and Fire #3)
2026-06-02 22:53:32 - INFO - Scraped: A Heartbreaking Work of Staggering Genius
2026-06-02 22:53:32,013 - INFO - Scraped: A Heartbreaking Work of Staggering Genius
2026-06-02 22:53:32 - INFO - Scraped: 8 Keys to Mental Health Through Exercise
2026-06-02 22:53:32,015 - INFO - Scraped: 8 Keys to Mental Health Through Exercise
2026-06-02 22:53:32 - INFO - Scraped: #GIRLBOSS
2026-06-02 22:53:32,016 - INFO - Scraped: #GIRLBOSS
2026-06-02 22:53:32 - INFO - Scraped: The Suffragettes (Little Black Classics, #96)
2026-06-02 22:53:32,017 - INFO - Scraped: The Suffragettes (Little Black Classics, #96)
2026-06-02 22:53:32 - INFO - Scraped: The Sense of an Ending
2026-06-02 22:53:32,018 - INFO - Scraped: The Sense of an Ending
2026-06-02 22:53:32 - INFO - Scraped: The Sandman, Vol. 2: The Doll's House (The Sandman (volumes) #2)
2026-06-02 22:53:32,019 - INFO - Scraped: The Sandman, Vol. 2: The Doll's House (The Sandman (volumes) #2)
2026-06-02 22:53:32 - INFO - Scraped: The Course of Love
2026-06-02 22:53:32,020 - INFO - Scraped: The Course of Love
2026-06-02 22:53:32 - INFO - Scraped: Sugar Rush (Offensive Line #2)
2026-06-02 22:53:32,022 - INFO - Scraped: Sugar Rush (Offensive Line #2)
2026-06-02 22:53:32 - INFO - Scraped: Saga, Volume 2 (Saga (Collected Editions) #2)
2026-06-02 22:53:32,023 - INFO - Scraped: Saga, Volume 2 (Saga (Collected Editions) #2)
2026-06-02 22:53:32 - INFO - Scraped: Run, Spot, Run: The Ethics of Keeping Pets
2026-06-02 22:53:32,024 - INFO - Scraped: Run, Spot, Run: The Ethics of Keeping Pets
2026-06-02 22:53:32 - INFO - Scraped: New Moon (Twilight #2)
2026-06-02 22:53:32,026 - INFO - Scraped: New Moon (Twilight #2)
2026-06-02 22:53:32 - INFO - Scraped: Life
2026-06-02 22:53:32,027 - INFO - Scraped: Life
2026-06-02 22:53:32 - INFO - Scraped: Kindle Paperwhite User's Guide
2026-06-02 22:53:32,028 - INFO - Scraped: Kindle Paperwhite User's Guide
2026-06-02 22:53:32 - INFO - Scraped: H is for Hawk
2026-06-02 22:53:32,030 - INFO - Scraped: H is for Hawk
2026-06-02 22:53:32 - INFO - Scraped: Girl Online On Tour (Girl Online #2)
2026-06-02 22:53:32,032 - INFO - Scraped: Girl Online On Tour (Girl Online #2)
2026-06-02 22:53:34 - INFO - Requesting URL: https://books.toscrape.com/catalogue/page-46.html | Status Code: 200
2026-06-02 22:53:34,090 - INFO - Requesting URL: https://books.toscrape.com/catalogue/page-46.html | Status Code: 200
2026-06-02 22:53:34 - INFO - Scraped: Fruits Basket, Vol. 2 (Fruits Basket #2)
2026-06-02 22:53:34,145 - INFO - Scraped: Fruits Basket, Vol. 2 (Fruits Basket #2)
2026-06-02 22:53:34 - INFO - Scraped: Diary of a Minecraft Zombie Book 1: A Scare of a Dare (An Unofficial Minecraft Book)
2026-06-02 22:53:34,146 - INFO - Scraped: Diary of a Minecraft Zombie Book 1: A Scare of a Dare (An Unofficial Minecraft Book)
2026-06-02 22:53:34 - INFO - Scraped: Y: The Last Man, Vol. 1: Unmanned (Y: The Last Man #1)
2026-06-02 22:53:34,147 - INFO - Scraped: Y: The Last Man, Vol. 1: Unmanned (Y: The Last Man #1)
2026-06-02 22:53:34 - INFO - Scraped: While You Were Mine
2026-06-02 22:53:34,148 - INFO - Scraped: While You Were Mine
2026-06-02 22:53:34 - INFO - Scraped: Where Lightning Strikes (Bleeding Stars #3)
2026-06-02 22:53:34,149 - INFO - Scraped: Where Lightning Strikes (Bleeding Stars #3)
2026-06-02 22:53:34 - INFO - Scraped: When I'm Gone
2026-06-02 22:53:34,150 - INFO - Scraped: When I'm Gone
2026-06-02 22:53:34 - INFO - Scraped: Ways of Seeing
2026-06-02 22:53:34,152 - INFO - Scraped: Ways of Seeing
2026-06-02 22:53:34 - INFO - Scraped: Vampire Knight, Vol. 1 (Vampire Knight #1)
2026-06-02 22:53:34,153 - INFO - Scraped: Vampire Knight, Vol. 1 (Vampire Knight #1)
2026-06-02 22:53:34 - INFO - Scraped: Vampire Girl (Vampire Girl #1)
2026-06-02 22:53:34,154 - INFO - Scraped: Vampire Girl (Vampire Girl #1)
2026-06-02 22:53:34 - INFO - Scraped: Twenty Love Poems and a Song of Despair
2026-06-02 22:53:34,155 - INFO - Scraped: Twenty Love Poems and a Song of Despair
2026-06-02 22:53:34 - INFO - Scraped: Travels with Charley: In Search of America
2026-06-02 22:53:34,156 - INFO - Scraped: Travels with Charley: In Search of America
2026-06-02 22:53:34 - INFO - Scraped: Three Wishes (River of Time: California #1)
2026-06-02 22:53:34,157 - INFO - Scraped: Three Wishes (River of Time: California #1)
2026-06-02 22:53:34 - INFO - Scraped: This One Moment (Pushing Limits #1)
2026-06-02 22:53:34,159 - INFO - Scraped: This One Moment (Pushing Limits #1)
2026-06-02 22:53:34 - INFO - Scraped: The Zombie Room
2026-06-02 22:53:34,160 - INFO - Scraped: The Zombie Room
2026-06-02 22:53:34 - INFO - Scraped: The Wicked + The Divine, Vol. 1: The Faust Act (The Wicked + The Divine)
2026-06-02 22:53:34,161 - INFO - Scraped: The Wicked + The Divine, Vol. 1: The Faust Act (The Wicked + The Divine)
2026-06-02 22:53:34 - INFO - Scraped: The Tumor
2026-06-02 22:53:34,162 - INFO - Scraped: The Tumor
2026-06-02 22:53:34 - INFO - Scraped: The Story of Hong Gildong
2026-06-02 22:53:34,163 - INFO - Scraped: The Story of Hong Gildong
2026-06-02 22:53:34 - INFO - Scraped: The Silent Wife
2026-06-02 22:53:34,165 - INFO - Scraped: The Silent Wife
2026-06-02 22:53:34 - INFO - Scraped: The Silent Twin (Detective Jennifer Knight #3)
2026-06-02 22:53:34,166 - INFO - Scraped: The Silent Twin (Detective Jennifer Knight #3)
2026-06-02 22:53:34 - INFO - Scraped: The Selfish Gene
2026-06-02 22:53:34,168 - INFO - Scraped: The Selfish Gene
2026-06-02 22:53:36 - INFO - Requesting URL: https://books.toscrape.com/catalogue/page-47.html | Status Code: 200
2026-06-02 22:53:36,197 - INFO - Requesting URL: https://books.toscrape.com/catalogue/page-47.html | Status Code: 200
2026-06-02 22:53:36 - INFO - Scraped: The Secret Healer
2026-06-02 22:53:36,252 - INFO - Scraped: The Secret Healer
2026-06-02 22:53:36 - INFO - Scraped: The Sandman, Vol. 1: Preludes and Nocturnes (The Sandman (volumes) #1)
2026-06-02 22:53:36,253 - INFO - Scraped: The Sandman, Vol. 1: Preludes and Nocturnes (The Sandman (volumes) #1)
2026-06-02 22:53:36 - INFO - Scraped: The Republic
2026-06-02 22:53:36,254 - INFO - Scraped: The Republic
2026-06-02 22:53:36 - INFO - Scraped: The Odyssey
2026-06-02 22:53:36,255 - INFO - Scraped: The Odyssey
2026-06-02 22:53:36 - INFO - Scraped: The No. 1 Ladies' Detective Agency (No. 1 Ladies' Detective Agency #1)
2026-06-02 22:53:36,256 - INFO - Scraped: The No. 1 Ladies' Detective Agency (No. 1 Ladies' Detective Agency #1)
2026-06-02 22:53:36 - INFO - Scraped: The Nicomachean Ethics
2026-06-02 22:53:36,258 - INFO - Scraped: The Nicomachean Ethics
2026-06-02 22:53:36 - INFO - Scraped: The Name of the Wind (The Kingkiller Chronicle #1)
2026-06-02 22:53:36,259 - INFO - Scraped: The Name of the Wind (The Kingkiller Chronicle #1)
2026-06-02 22:53:36 - INFO - Scraped: The Mirror & the Maze (The Wrath and the Dawn #1.5)
2026-06-02 22:53:36,260 - INFO - Scraped: The Mirror & the Maze (The Wrath and the Dawn #1.5)
2026-06-02 22:53:36 - INFO - Scraped: The Little Prince
2026-06-02 22:53:36,262 - INFO - Scraped: The Little Prince
2026-06-02 22:53:36 - INFO - Scraped: The Light of the Fireflies
2026-06-02 22:53:36,263 - INFO - Scraped: The Light of the Fireflies
2026-06-02 22:53:36 - INFO - Scraped: The Last Girl (The Dominion Trilogy #1)
2026-06-02 22:53:36,264 - INFO - Scraped: The Last Girl (The Dominion Trilogy #1)
2026-06-02 22:53:36 - INFO - Scraped: The Iliad
2026-06-02 22:53:36,266 - INFO - Scraped: The Iliad
2026-06-02 22:53:36 - INFO - Scraped: The Hook Up (Game On #1)
2026-06-02 22:53:36,267 - INFO - Scraped: The Hook Up (Game On #1)
2026-06-02 22:53:36 - INFO - Scraped: The Haters
2026-06-02 22:53:36,270 - INFO - Scraped: The Haters
2026-06-02 22:53:36 - INFO - Scraped: The Girl You Lost
2026-06-02 22:53:36,272 - INFO - Scraped: The Girl You Lost
2026-06-02 22:53:36 - INFO - Scraped: The Girl In The Ice (DCI Erika Foster #1)
2026-06-02 22:53:36,273 - INFO - Scraped: The Girl In The Ice (DCI Erika Foster #1)
2026-06-02 22:53:36 - INFO - Scraped: The End of the Jesus Era (An Investigation #1)
2026-06-02 22:53:36,276 - INFO - Scraped: The End of the Jesus Era (An Investigation #1)
2026-06-02 22:53:36 - INFO - Scraped: The Edge of Reason (Bridget Jones #2)
2026-06-02 22:53:36,278 - INFO - Scraped: The Edge of Reason (Bridget Jones #2)
2026-06-02 22:53:36 - INFO - Scraped: The Complete Maus (Maus #1-2)
2026-06-02 22:53:36,279 - INFO - Scraped: The Complete Maus (Maus #1-2)
2026-06-02 22:53:36 - INFO - Scraped: The Communist Manifesto
2026-06-02 22:53:36,280 - INFO - Scraped: The Communist Manifesto
2026-06-02 22:53:38 - INFO - Requesting URL: https://books.toscrape.com/catalogue/page-48.html | Status Code: 200
2026-06-02 22:53:38,229 - INFO - Requesting URL: https://books.toscrape.com/catalogue/page-48.html | Status Code: 200
2026-06-02 22:53:38 - INFO - Scraped: The Bhagavad Gita
2026-06-02 22:53:38,288 - INFO - Scraped: The Bhagavad Gita
2026-06-02 22:53:38 - INFO - Scraped: The Bette Davis Club
2026-06-02 22:53:38,289 - INFO - Scraped: The Bette Davis Club
2026-06-02 22:53:38 - INFO - Scraped: The Art of Not Breathing
2026-06-02 22:53:38,290 - INFO - Scraped: The Art of Not Breathing
2026-06-02 22:53:38 - INFO - Scraped: Taking Shots (Assassins #1)
2026-06-02 22:53:38,291 - INFO - Scraped: Taking Shots (Assassins #1)
2026-06-02 22:53:38 - INFO - Scraped: Starlark
2026-06-02 22:53:38,292 - INFO - Scraped: Starlark
2026-06-02 22:53:38 - INFO - Scraped: Skip Beat!, Vol. 01 (Skip Beat! #1)
2026-06-02 22:53:38,293 - INFO - Scraped: Skip Beat!, Vol. 01 (Skip Beat! #1)
2026-06-02 22:53:38 - INFO - Scraped: Sister Sable (The Mad Queen #1)
2026-06-02 22:53:38,295 - INFO - Scraped: Sister Sable (The Mad Queen #1)
2026-06-02 22:53:38 - INFO - Scraped: Shatter Me (Shatter Me #1)
2026-06-02 22:53:38,296 - INFO - Scraped: Shatter Me (Shatter Me #1)
2026-06-02 22:53:38 - INFO - Scraped: Shameless
2026-06-02 22:53:38,297 - INFO - Scraped: Shameless
2026-06-02 22:53:38 - INFO - Scraped: Shadow Rites (Jane Yellowrock #10)
2026-06-02 22:53:38,298 - INFO - Scraped: Shadow Rites (Jane Yellowrock #10)
2026-06-02 22:53:38 - INFO - Scraped: Settling the Score (The Summer Games #1)
2026-06-02 22:53:38,299 - INFO - Scraped: Settling the Score (The Summer Games #1)
2026-06-02 22:53:38 - INFO - Scraped: Sense and Sensibility
2026-06-02 22:53:38,300 - INFO - Scraped: Sense and Sensibility
2026-06-02 22:53:38 - INFO - Scraped: Saga, Volume 1 (Saga (Collected Editions) #1)
2026-06-02 22:53:38,301 - INFO - Scraped: Saga, Volume 1 (Saga (Collected Editions) #1)
2026-06-02 22:53:38 - INFO - Scraped: Rhythm, Chord & Malykhin
2026-06-02 22:53:38,303 - INFO - Scraped: Rhythm, Chord & Malykhin
2026-06-02 22:53:38 - INFO - Scraped: Rat Queens, Vol. 1: Sass & Sorcery (Rat Queens (Collected Editions) #1-5)
2026-06-02 22:53:38,304 - INFO - Scraped: Rat Queens, Vol. 1: Sass & Sorcery (Rat Queens (Collected Editions) #1-5)
2026-06-02 22:53:38 - INFO - Scraped: Paradise Lost (Paradise #1)
2026-06-02 22:53:38,306 - INFO - Scraped: Paradise Lost (Paradise #1)
2026-06-02 22:53:38 - INFO - Scraped: Paper Girls, Vol. 1 (Paper Girls #1-5)
2026-06-02 22:53:38,309 - INFO - Scraped: Paper Girls, Vol. 1 (Paper Girls #1-5)
2026-06-02 22:53:38 - INFO - Scraped: Ouran High School Host Club, Vol. 1 (Ouran High School Host Club #1)
2026-06-02 22:53:38,311 - INFO - Scraped: Ouran High School Host Club, Vol. 1 (Ouran High School Host Club #1)
2026-06-02 22:53:38 - INFO - Scraped: Origins (Alphas 0.5)
2026-06-02 22:53:38,312 - INFO - Scraped: Origins (Alphas 0.5)
2026-06-02 22:53:38 - INFO - Scraped: One Second (Seven #7)
2026-06-02 22:53:38,314 - INFO - Scraped: One Second (Seven #7)
2026-06-02 22:53:40 - INFO - Requesting URL: https://books.toscrape.com/catalogue/page-49.html | Status Code: 200
2026-06-02 22:53:40,347 - INFO - Requesting URL: https://books.toscrape.com/catalogue/page-49.html | Status Code: 200
2026-06-02 22:53:40 - INFO - Scraped: On the Road (Duluoz Legend)
2026-06-02 22:53:40,418 - INFO - Scraped: On the Road (Duluoz Legend)
2026-06-02 22:53:40 - INFO - Scraped: Old Records Never Die: One Man's Quest for His Vinyl and His Past
2026-06-02 22:53:40,420 - INFO - Scraped: Old Records Never Die: One Man's Quest for His Vinyl and His Past
2026-06-02 22:53:40 - INFO - Scraped: Off Sides (Off #1)
2026-06-02 22:53:40,420 - INFO - Scraped: Off Sides (Off #1)
2026-06-02 22:53:40 - INFO - Scraped: Of Mice and Men
2026-06-02 22:53:40,421 - INFO - Scraped: Of Mice and Men
2026-06-02 22:53:40 - INFO - Scraped: Myriad (Prentor #1)
2026-06-02 22:53:40,422 - INFO - Scraped: Myriad (Prentor #1)
2026-06-02 22:53:40 - INFO - Scraped: My Perfect Mistake (Over the Top #1)
2026-06-02 22:53:40,423 - INFO - Scraped: My Perfect Mistake (Over the Top #1)
2026-06-02 22:53:40 - INFO - Scraped: Ms. Marvel, Vol. 1: No Normal (Ms. Marvel (2014-2015) #1)
2026-06-02 22:53:40,425 - INFO - Scraped: Ms. Marvel, Vol. 1: No Normal (Ms. Marvel (2014-2015) #1)
2026-06-02 22:53:40 - INFO - Scraped: Meditations
2026-06-02 22:53:40,426 - INFO - Scraped: Meditations
2026-06-02 22:53:40 - INFO - Scraped: Matilda
2026-06-02 22:53:40,428 - INFO - Scraped: Matilda
2026-06-02 22:53:40 - INFO - Scraped: Lost Among the Living
2026-06-02 22:53:40,429 - INFO - Scraped: Lost Among the Living
2026-06-02 22:53:40 - INFO - Scraped: Lord of the Flies
2026-06-02 22:53:40,430 - INFO - Scraped: Lord of the Flies
2026-06-02 22:53:40 - INFO - Scraped: Listen to Me (Fusion #1)
2026-06-02 22:53:40,432 - INFO - Scraped: Listen to Me (Fusion #1)
2026-06-02 22:53:40 - INFO - Scraped: Kitchens of the Great Midwest
2026-06-02 22:53:40,433 - INFO - Scraped: Kitchens of the Great Midwest
2026-06-02 22:53:40 - INFO - Scraped: Jane Eyre
2026-06-02 22:53:40,435 - INFO - Scraped: Jane Eyre
2026-06-02 22:53:40 - INFO - Scraped: Imperfect Harmony
2026-06-02 22:53:40,437 - INFO - Scraped: Imperfect Harmony
2026-06-02 22:53:40 - INFO - Scraped: Icing (Aces Hockey #2)
2026-06-02 22:53:40,439 - INFO - Scraped: Icing (Aces Hockey #2)
2026-06-02 22:53:40 - INFO - Scraped: Hawkeye, Vol. 1: My Life as a Weapon (Hawkeye #1)
2026-06-02 22:53:40,440 - INFO - Scraped: Hawkeye, Vol. 1: My Life as a Weapon (Hawkeye #1)
2026-06-02 22:53:40 - INFO - Scraped: Having the Barbarian's Baby (Ice Planet Barbarians #7.5)
2026-06-02 22:53:40,442 - INFO - Scraped: Having the Barbarian's Baby (Ice Planet Barbarians #7.5)
2026-06-02 22:53:40 - INFO - Scraped: Giant Days, Vol. 1 (Giant Days #1-4)
2026-06-02 22:53:40,443 - INFO - Scraped: Giant Days, Vol. 1 (Giant Days #1-4)
2026-06-02 22:53:40 - INFO - Scraped: Fruits Basket, Vol. 1 (Fruits Basket #1)
2026-06-02 22:53:40,444 - INFO - Scraped: Fruits Basket, Vol. 1 (Fruits Basket #1)
2026-06-02 22:53:42 - INFO - Requesting URL: https://books.toscrape.com/catalogue/page-50.html | Status Code: 200
2026-06-02 22:53:42,407 - INFO - Requesting URL: https://books.toscrape.com/catalogue/page-50.html | Status Code: 200
2026-06-02 22:53:42 - INFO - Scraped: Frankenstein
2026-06-02 22:53:42,464 - INFO - Scraped: Frankenstein
2026-06-02 22:53:42 - INFO - Scraped: Forever Rockers (The Rocker #12)
2026-06-02 22:53:42,465 - INFO - Scraped: Forever Rockers (The Rocker #12)
2026-06-02 22:53:42 - INFO - Scraped: Fighting Fate (Fighting #6)
2026-06-02 22:53:42,465 - INFO - Scraped: Fighting Fate (Fighting #6)
2026-06-02 22:53:42 - INFO - Scraped: Emma
2026-06-02 22:53:42,467 - INFO - Scraped: Emma
2026-06-02 22:53:42 - INFO - Scraped: Eat, Pray, Love
2026-06-02 22:53:42,468 - INFO - Scraped: Eat, Pray, Love
2026-06-02 22:53:42 - INFO - Scraped: Deep Under (Walker Security #1)
2026-06-02 22:53:42,470 - INFO - Scraped: Deep Under (Walker Security #1)
2026-06-02 22:53:42 - INFO - Scraped: Choosing Our Religion: The Spiritual Lives of America's Nones
2026-06-02 22:53:42,471 - INFO - Scraped: Choosing Our Religion: The Spiritual Lives of America's Nones
2026-06-02 22:53:42 - INFO - Scraped: Charlie and the Chocolate Factory (Charlie Bucket #1)
2026-06-02 22:53:42,472 - INFO - Scraped: Charlie and the Chocolate Factory (Charlie Bucket #1)
2026-06-02 22:53:42 - INFO - Scraped: Charity's Cross (Charles Towne Belles #4)
2026-06-02 22:53:42,473 - INFO - Scraped: Charity's Cross (Charles Towne Belles #4)
2026-06-02 22:53:42 - INFO - Scraped: Bright Lines
2026-06-02 22:53:42,474 - INFO - Scraped: Bright Lines
2026-06-02 22:53:42 - INFO - Scraped: Bridget Jones's Diary (Bridget Jones #1)
2026-06-02 22:53:42,475 - INFO - Scraped: Bridget Jones's Diary (Bridget Jones #1)
2026-06-02 22:53:42 - INFO - Scraped: Bounty (Colorado Mountain #7)
2026-06-02 22:53:42,477 - INFO - Scraped: Bounty (Colorado Mountain #7)
2026-06-02 22:53:42 - INFO - Scraped: Blood Defense (Samantha Brinkman #1)
2026-06-02 22:53:42,478 - INFO - Scraped: Blood Defense (Samantha Brinkman #1)
2026-06-02 22:53:42 - INFO - Scraped: Bleach, Vol. 1: Strawberry and the Soul Reapers (Bleach #1)
2026-06-02 22:53:42,479 - INFO - Scraped: Bleach, Vol. 1: Strawberry and the Soul Reapers (Bleach #1)
2026-06-02 22:53:42 - INFO - Scraped: Beyond Good and Evil
2026-06-02 22:53:42,480 - INFO - Scraped: Beyond Good and Evil
2026-06-02 22:53:42 - INFO - Scraped: Alice in Wonderland (Alice's Adventures in Wonderland #1)
2026-06-02 22:53:42,481 - INFO - Scraped: Alice in Wonderland (Alice's Adventures in Wonderland #1)
2026-06-02 22:53:42 - INFO - Scraped: Ajin: Demi-Human, Volume 1 (Ajin: Demi-Human #1)
2026-06-02 22:53:42,482 - INFO - Scraped: Ajin: Demi-Human, Volume 1 (Ajin: Demi-Human #1)
2026-06-02 22:53:42 - INFO - Scraped: A Spy's Devotion (The Regency Spies of London #1)
2026-06-02 22:53:42,485 - INFO - Scraped: A Spy's Devotion (The Regency Spies of London #1)
2026-06-02 22:53:42 - INFO - Scraped: 1st to Die (Women's Murder Club #1)
2026-06-02 22:53:42,486 - INFO - Scraped: 1st to Die (Women's Murder Club #1)
2026-06-02 22:53:42 - INFO - Scraped: 1,000 Places to See Before You Die
2026-06-02 22:53:42,487 - INFO - Scraped: 1,000 Places to See Before You Die
2026-06-02 22:53:43 - INFO - Scraping completed | Total books scraped: 1000
2026-06-02 22:53:43,531 - INFO - Scraping completed | Total books scraped: 1000
2026-06-02 22:53:43 - INFO - Cleaning started
2026-06-02 22:53:43,606 - INFO - Cleaning started
2026-06-02 22:53:43 - INFO - Cleaning completed | Total books processed: 1000
2026-06-02 22:53:43,908 - INFO - Cleaning completed | Total books processed: 1000
2026-06-02 22:53:43 - INFO - Generating Excel report
2026-06-02 22:53:43,909 - INFO - Generating Excel report
2026-06-02 22:53:48 - INFO - Excel report generated: C:\Users\TOSHIBA\Web_Scraper_Project\data\books_report.xlsx
2026-06-02 22:53:48,800 - INFO - Excel report generated: C:\Users\TOSHIBA\Web_Scraper_Project\data\books_report.xlsx
2026-06-02 22:53:48 - INFO - Report generated: C:\Users\TOSHIBA\Web_Scraper_Project\data\books_report.xlsx
2026-06-02 22:53:48,801 - INFO - Report generated: C:\Users\TOSHIBA\Web_Scraper_Project\data\books_report.xlsx
2026-06-02 22:53:53 - INFO - Email sent successfull
2026-06-02 22:53:53,592 - INFO - Email sent successfull
2026-06-02 22:53:53 - INFO - Pipeline completed successfully
2026-06-02 22:53:53,593 - INFO - Pipeline completed successfully
